image_id,fine
0,14
1,61
2,32
3,42
4,22
5,6
6,36
7,83
8,74
9,37
10,91
11,89
12,26
13,55
14,34
15,73
16,44
17,77
18,84
19,67
20,26
21,23
22,14
23,54
24,98
25,27
26,20
27,98
28,14
29,36
30,74
31,34
32,6
33,31
34,45
35,27
36,54
37,95
38,8
39,99
40,6
41,61
42,4
43,90
44,71
45,66
46,89
47,11
48,33
49,39
50,6
51,96
52,19
53,81
54,14
55,45
56,12
57,34
58,98
59,39
60,51
61,38
62,18
63,90
64,68
65,69
66,9
67,80
68,12
69,61
70,79
71,37
72,62
73,72
74,23
75,3
76,49
77,90
78,78
79,8
80,75
81,46
82,93
83,90
84,37
85,7
86,79
87,14
88,39
89,30
90,71
91,65
92,51
93,0
94,66
95,82
96,59
97,84
98,63
99,42
100,65
101,79
102,70
103,52
104,80
105,80
106,79
107,55
108,92
109,23
110,68
111,39
112,64
113,65
114,52
115,80
116,3
117,72
118,18
119,83
120,86
121,52
122,4
123,77
124,46
125,84
126,19
127,15
128,98
129,31
130,35
131,77
132,14
133,10
134,29
135,96
136,46
137,57
138,12
139,87
140,79
141,22
142,16
143,49
144,83
145,0
146,38
147,87
148,57
149,12
150,78
151,59
152,99
153,87
154,69
155,20
156,51
157,87
158,34
159,60
160,24
161,35
162,94
163,75
164,11
165,81
166,1
167,27
168,55
169,11
170,30
171,49
172,47
173,35
174,26
175,14
176,95
177,31
178,94
179,9
180,20
181,91
182,54
183,97
184,44
185,36
186,65
187,90
188,34
189,42
190,14
191,44
192,0
193,84
194,80
195,70
196,24
197,94
198,9
199,21
200,74
201,26
202,46
203,69
204,19
205,71
206,38
207,22
208,70
209,18
210,20
211,11
212,28
213,38
214,71
215,75
216,37
217,24
218,92
219,14
220,75
221,3
222,37
223,16
224,38
225,26
226,53
227,0
228,92
229,34
230,95
231,37
232,51
233,83
234,79
235,5
236,36
237,52
238,31
239,11
240,74
241,94
242,68
243,42
244,99
245,79
246,70
247,56
248,42
249,90
250,54
251,54
252,87
253,15
254,25
255,36
256,89
257,47
258,66
259,98
260,0
261,9
262,32
263,99
264,19
265,64
266,50
267,25
268,39
269,6
270,56
271,14
272,50
273,51
274,60
275,33
276,43
277,81
278,98
279,89
280,11
281,47
282,11
283,94
284,21
285,87
286,6
287,72
288,82
289,4
290,28
291,75
292,13
293,14
294,30
295,86
296,69
297,86
298,5
299,42
300,69
301,52
302,56
303,76
304,45
305,34
306,26
307,24
308,45
309,4
310,5
311,66
312,84
313,11
314,6
315,75
316,79
317,35
318,65
319,64
320,72
321,67
322,18
323,32
324,82
325,18
326,91
327,59
328,8
329,30
330,47
331,5
332,70
333,97
334,70
335,84
336,51
337,21
338,60
339,65
340,81
341,17
342,1
343,11
344,93
345,20
346,75
347,56
348,40
349,71
350,59
351,52
352,72
353,56
354,71
355,75
356,72
357,80
358,15
359,59
360,64
361,63
362,13
363,37
364,62
365,62
366,25
367,38
368,94
369,96
370,7
371,29
372,10
373,91
374,98
375,46
376,83
377,53
378,48
379,7
380,63
381,48
382,58
383,15
384,20
385,43
386,59
387,54
388,68
389,89
390,36
391,89
392,48
393,88
394,19
395,36
396,68
397,80
398,29
399,51
400,41
401,87
402,56
403,5
404,31
405,66
406,82
407,44
408,4
409,75
410,88
411,55
412,96
413,1
414,56
415,56
416,93
417,71
418,36
419,69
420,97
421,74
422,70
423,15
424,43
425,77
426,82
427,7
428,96
429,84
430,94
431,73
432,36
433,30
434,73
435,84
436,25
437,56
438,28
439,99
440,53
441,93
442,27
443,91
444,82
445,66
446,78
447,77
448,56
449,18
450,79
451,39
452,96
453,8
454,46
455,26
456,46
457,80
458,94
459,49
460,99
461,49
462,6
463,22
464,47
465,92
466,65
467,36
468,83
469,90
470,67
471,36
472,26
473,57
474,75
475,7
476,36
477,40
478,69
479,17
480,5
481,25
482,49
483,6
484,25
485,69
486,46
487,25
488,87
489,67
490,73
491,58
492,7
493,31
494,28
495,59
496,68
497,23
498,56
499,91
500,79
501,32
502,15
503,37
504,25
505,97
506,93
507,66
508,81
509,19
510,42
511,79
512,99
513,12
514,52
515,58
516,78
517,48
518,52
519,30
520,89
521,46
522,35
523,42
524,98
525,94
526,64
527,68
528,76
529,44
530,89
531,49
532,28
533,40
534,34
535,1
536,56
537,12
538,24
539,89
540,60
541,17
542,20
543,40
544,90
545,14
546,38
547,65
548,94
549,31
550,65
551,24
552,96
553,36
554,57
555,27
556,0
557,84
558,64
559,7
560,34
561,19
562,57
563,36
564,48
565,55
566,74
567,59
568,37
569,31
570,66
571,57
572,73
573,57
574,82
575,79
576,24
577,32
578,80
579,33
580,93
581,24
582,55
583,65
584,32
585,48
586,17
587,30
588,54
589,5
590,73
591,80
592,75
593,82
594,28
595,1
596,62
597,0
598,63
599,82
600,58
601,17
602,82
603,72
604,7
605,15
606,97
607,74
608,7
609,99
610,63
611,98
612,14
613,24
614,49
615,40
616,36
617,25
618,66
619,33
620,13
621,8
622,57
623,25
624,75
625,26
626,13
627,48
628,94
629,10
630,26
631,67
632,97
633,92
634,41
635,5
636,20
637,79
638,62
639,51
640,9
641,64
642,31
643,38
644,36
645,11
646,75
647,47
648,98
649,3
650,66
651,99
652,36
653,34
654,4
655,60
656,69
657,56
658,42
659,63
660,65
661,98
662,50
663,71
664,19
665,93
666,60
667,19
668,30
669,55
670,5
671,46
672,45
673,35
674,35
675,12
676,92
677,25
678,43
679,38
680,27
681,94
682,83
683,99
684,14
685,72
686,42
687,96
688,29
689,21
690,33
691,43
692,3
693,44
694,9
695,73
696,85
697,17
698,76
699,98
700,79
701,20
702,63
703,25
704,83
705,86
706,24
707,92
708,79
709,90
710,21
711,62
712,69
713,28
714,88
715,18
716,82
717,65
718,76
719,91
720,71
721,65
722,68
723,49
724,55
725,49
726,86
727,24
728,12
729,49
730,91
731,42
732,51
733,22
734,10
735,84
736,43
737,3
738,50
739,74
740,61
741,77
742,32
743,62
744,87
745,76
746,83
747,57
748,26
749,88
750,77
751,85
752,61
753,49
754,44
755,4
756,5
757,55
758,74
759,87
760,48
761,77
762,53
763,15
764,4
765,26
766,5
767,51
768,35
769,84
770,98
771,32
772,96
773,97
774,99
775,88
776,78
777,23
778,21
779,52
780,92
781,43
782,50
783,34
784,86
785,98
786,35
787,4
788,4
789,38
790,28
791,52
792,91
793,3
794,64
795,10
796,77
797,33
798,60
799,13
800,15
801,97
802,15
803,12
804,49
805,98
806,85
807,28
808,79
809,89
810,56
811,75
812,91
813,34
814,28
815,71
816,66
817,68
818,51
819,68
820,87
821,38
822,1
823,51
824,90
825,69
826,52
827,89
828,51
829,46
830,49
831,91
832,38
833,45
834,23
835,18
836,43
837,13
838,29
839,84
840,51
841,45
842,97
843,58
844,51
845,98
846,79
847,51
848,64
849,26
850,19
851,68
852,24
853,46
854,70
855,45
856,40
857,71
858,37
859,0
860,83
861,24
862,52
863,11
864,46
865,60
866,78
867,10
868,32
869,10
870,92
871,80
872,30
873,11
874,17
875,81
876,32
877,80
878,11
879,33
880,70
881,27
882,70
883,80
884,0
885,54
886,73
887,0
888,78
889,51
890,56
891,67
892,7
893,34
894,69
895,0
896,51
897,82
898,50
899,18
900,86
901,49
902,47
903,59
904,52
905,66
906,99
907,42
908,62
909,94
910,95
911,35
912,47
913,64
914,99
915,86
916,55
917,18
918,70
919,77
920,0
921,75
922,61
923,14
924,95
925,12
926,4
927,11
928,30
929,18
930,33
931,58
932,96
933,44
934,63
935,60
936,29
937,74
938,63
939,81
940,5
941,50
942,58
943,91
944,42
945,60
946,45
947,64
948,73
949,68
950,62
951,95
952,85
953,28
954,21
955,60
956,66
957,54
958,51
959,74
960,22
961,55
962,57
963,0
964,54
965,86
966,88
967,84
968,71
969,99
970,81
971,90
972,64
973,30
974,79
975,94
976,86
977,15
978,35
979,86
980,77
981,74
982,31
983,37
984,9
985,88
986,89
987,16
988,47
989,66
990,65
991,18
992,94
993,90
994,92
995,76
996,84
997,9
998,56
999,55
1000,31
1001,30
1002,10
1003,7
1004,97
1005,45
1006,26
1007,63
1008,94
1009,14
1010,75
1011,87
1012,80
1013,4
1014,86
1015,62
1016,73
1017,43
1018,85
1019,59
1020,43
1021,59
1022,3
1023,96
1024,70
1025,98
1026,89
1027,79
1028,58
1029,3
1030,5
1031,42
1032,50
1033,28
1034,48
1035,84
1036,5
1037,61
1038,94
1039,38
1040,66
1041,22
1042,99
1043,48
1044,11
1045,39
1046,12
1047,12
1048,76
1049,58
1050,61
1051,20
1052,14
1053,85
1054,59
1055,26
1056,7
1057,72
1058,36
1059,45
1060,95
1061,26
1062,18
1063,31
1064,35
1065,25
1066,49
1067,28
1068,46
1069,24
1070,49
1071,35
1072,67
1073,86
1074,60
1075,17
1076,28
1077,9
1078,70
1079,60
1080,17
1081,57
1082,69
1083,76
1084,63
1085,30
1086,70
1087,98
1088,49
1089,69
1090,24
1091,1
1092,16
1093,54
1094,75
1095,94
1096,8
1097,78
1098,64
1099,55
1100,12
1101,38
1102,78
1103,49
1104,5
1105,17
1106,13
1107,88
1108,67
1109,23
1110,41
1111,0
1112,36
1113,9
1114,38
1115,78
1116,33
1117,49
1118,80
1119,42
1120,2
1121,13
1122,96
1123,33
1124,17
1125,99
1126,80
1127,13
1128,17
1129,62
1130,91
1131,35
1132,10
1133,52
1134,35
1135,44
1136,95
1137,41
1138,74
1139,42
1140,51
1141,98
1142,76
1143,78
1144,91
1145,15
1146,49
1147,97
1148,82
1149,58
1150,47
1151,17
1152,66
1153,52
1154,19
1155,49
1156,26
1157,50
1158,82
1159,91
1160,90
1161,91
1162,60
1163,87
1164,3
1165,75
1166,79
1167,92
1168,89
1169,37
1170,7
1171,72
1172,96
1173,74
1174,51
1175,70
1176,27
1177,98
1178,63
1179,67
1180,2
1181,90
1182,73
1183,65
1184,78
1185,47
1186,39
1187,38
1188,62
1189,77
1190,54
1191,97
1192,67
1193,39
1194,53
1195,88
1196,6
1197,45
1198,69
1199,20
1200,56
1201,17
1202,6
1203,58
1204,12
1205,86
1206,65
1207,21
1208,7
1209,94
1210,68
1211,61
1212,1
1213,17
1214,78
1215,56
1216,87
1217,57
1218,74
1219,80
1220,83
1221,48
1222,59
1223,75
1224,28
1225,53
1226,43
1227,54
1228,54
1229,33
1230,11
1231,43
1232,44
1233,17
1234,38
1235,3
1236,51
1237,98
1238,42
1239,68
1240,51
1241,38
1242,1
1243,86
1244,60
1245,92
1246,36
1247,48
1248,55
1249,82
1250,84
1251,1
1252,1
1253,76
1254,59
1255,6
1256,85
1257,65
1258,87
1259,86
1260,31
1261,7
1262,4
1263,23
1264,22
1265,52
1266,30
1267,52
1268,8
1269,99
1270,7
1271,4
1272,56
1273,3
1274,1
1275,46
1276,95
1277,72
1278,75
1279,54
1280,75
1281,30
1282,45
1283,26
1284,12
1285,26
1286,83
1287,39
1288,5
1289,63
1290,48
1291,9
1292,70
1293,37
1294,37
1295,60
1296,52
1297,76
1298,31
1299,36
1300,79
1301,85
1302,91
1303,6
1304,5
1305,43
1306,73
1307,6
1308,34
1309,94
1310,78
1311,94
1312,39
1313,37
1314,18
1315,47
1316,37
1317,69
1318,56
1319,50
1320,85
1321,76
1322,32
1323,34
1324,78
1325,25
1326,99
1327,23
1328,7
1329,33
1330,60
1331,31
1332,66
1333,70
1334,3
1335,4
1336,95
1337,94
1338,11
1339,36
1340,98
1341,27
1342,97
1343,32
1344,45
1345,34
1346,48
1347,27
1348,73
1349,86
1350,9
1351,6
1352,69
1353,92
1354,45
1355,30
1356,84
1357,85
1358,12
1359,2
1360,10
1361,38
1362,62
1363,54
1364,82
1365,59
1366,94
1367,48
1368,78
1369,0
1370,60
1371,7
1372,21
1373,57
1374,54
1375,24
1376,99
1377,99
1378,31
1379,59
1380,91
1381,6
1382,50
1383,83
1384,55
1385,99
1386,36
1387,83
1388,38
1389,78
1390,12
1391,16
1392,32
1393,36
1394,82
1395,72
1396,53
1397,86
1398,35
1399,80
1400,56
1401,51
1402,0
1403,75
1404,31
1405,4
1406,57
1407,32
1408,99
1409,35
1410,21
1411,24
1412,60
1413,64
1414,4
1415,91
1416,62
1417,4
1418,23
1419,58
1420,57
1421,88
1422,78
1423,35
1424,59
1425,37
1426,10
1427,72
1428,99
1429,40
1430,84
1431,22
1432,42
1433,18
1434,19
1435,36
1436,67
1437,58
1438,5
1439,36
1440,46
1441,29
1442,98
1443,21
1444,95
1445,43
1446,24
1447,62
1448,62
1449,38
1450,34
1451,77
1452,86
1453,37
1454,8
1455,38
1456,37
1457,7
1458,75
1459,50
1460,65
1461,45
1462,70
1463,19
1464,67
1465,34
1466,35
1467,97
1468,28
1469,8
1470,91
1471,91
1472,32
1473,1
1474,25
1475,35
1476,59
1477,77
1478,90
1479,34
1480,75
1481,40
1482,95
1483,63
1484,88
1485,42
1486,60
1487,81
1488,8
1489,14
1490,29
1491,64
1492,92
1493,72
1494,0
1495,42
1496,33
1497,87
1498,91
1499,42
1500,6
1501,27
1502,49
1503,90
1504,19
1505,39
1506,94
1507,81
1508,9
1509,56
1510,72
1511,8
1512,10
1513,20
1514,29
1515,28
1516,19
1517,77
1518,87
1519,56
1520,53
1521,49
1522,98
1523,32
1524,62
1525,85
1526,42
1527,21
1528,63
1529,48
1530,76
1531,25
1532,57
1533,53
1534,32
1535,31
1536,68
1537,92
1538,12
1539,82
1540,21
1541,45
1542,25
1543,24
1544,91
1545,73
1546,16
1547,45
1548,1
1549,91
1550,62
1551,84
1552,14
1553,84
1554,34
1555,39
1556,88
1557,66
1558,25
1559,2
1560,98
1561,55
1562,53
1563,89
1564,50
1565,40
1566,63
1567,1
1568,12
1569,0
1570,46
1571,37
1572,41
1573,36
1574,73
1575,32
1576,11
1577,86
1578,1
1579,96
1580,34
1581,92
1582,27
1583,59
1584,3
1585,3
1586,88
1587,43
1588,45
1589,74
1590,44
1591,3
1592,1
1593,25
1594,53
1595,40
1596,31
1597,65
1598,77
1599,58
1600,52
1601,3
1602,64
1603,46
1604,39
1605,12
1606,96
1607,21
1608,61
1609,82
1610,16
1611,24
1612,28
1613,99
1614,4
1615,68
1616,31
1617,91
1618,97
1619,28
1620,72
1621,81
1622,33
1623,69
1624,32
1625,44
1626,42
1627,70
1628,42
1629,23
1630,88
1631,37
1632,37
1633,22
1634,93
1635,9
1636,51
1637,88
1638,15
1639,89
1640,82
1641,71
1642,54
1643,16
1644,75
1645,44
1646,30
1647,67
1648,65
1649,14
1650,50
1651,37
1652,90
1653,1
1654,17
1655,15
1656,77
1657,53
1658,53
1659,36
1660,21
1661,71
1662,92
1663,56
1664,35
1665,57
1666,71
1667,59
1668,2
1669,55
1670,34
1671,66
1672,45
1673,33
1674,34
1675,89
1676,98
1677,88
1678,48
1679,37
1680,65
1681,93
1682,75
1683,41
1684,17
1685,64
1686,65
1687,68
1688,41
1689,81
1690,3
1691,4
1692,85
1693,2
1694,9
1695,14
1696,54
1697,65
1698,69
1699,73
1700,19
1701,91
1702,57
1703,14
1704,77
1705,57
1706,23
1707,30
1708,43
1709,40
1710,33
1711,13
1712,25
1713,22
1714,77
1715,71
1716,34
1717,86
1718,11
1719,34
1720,93
1721,83
1722,49
1723,26
1724,89
1725,20
1726,88
1727,70
1728,27
1729,53
1730,58
1731,92
1732,94
1733,56
1734,48
1735,19
1736,26
1737,44
1738,34
1739,2
1740,13
1741,79
1742,59
1743,24
1744,66
1745,52
1746,94
1747,2
1748,64
1749,16
1750,65
1751,10
1752,9
1753,2
1754,24
1755,21
1756,61
1757,57
1758,57
1759,87
1760,61
1761,57
1762,49
1763,26
1764,33
1765,21
1766,41
1767,65
1768,37
1769,17
1770,14
1771,25
1772,37
1773,60
1774,56
1775,35
1776,65
1777,73
1778,48
1779,5
1780,52
1781,12
1782,45
1783,20
1784,75
1785,73
1786,63
1787,83
1788,60
1789,36
1790,46
1791,82
1792,86
1793,32
1794,89
1795,15
1796,52
1797,28
1798,49
1799,8
1800,70
1801,65
1802,4
1803,49
1804,1
1805,99
1806,85
1807,42
1808,32
1809,48
1810,94
1811,88
1812,20
1813,75
1814,53
1815,12
1816,73
1817,45
1818,12
1819,97
1820,64
1821,90
1822,63
1823,89
1824,68
1825,7
1826,75
1827,74
1828,86
1829,87
1830,76
1831,2
1832,69
1833,95
1834,41
1835,0
1836,97
1837,81
1838,34
1839,96
1840,35
1841,22
1842,41
1843,55
1844,27
1845,28
1846,64
1847,21
1848,65
1849,46
1850,88
1851,21
1852,65
1853,8
1854,23
1855,48
1856,45
1857,75
1858,53
1859,51
1860,11
1861,14
1862,10
1863,0
1864,88
1865,53
1866,92
1867,25
1868,71
1869,76
1870,23
1871,78
1872,51
1873,95
1874,59
1875,37
1876,98
1877,62
1878,39
1879,42
1880,81
1881,10
1882,25
1883,21
1884,82
1885,93
1886,29
1887,29
1888,78
1889,93
1890,56
1891,5
1892,31
1893,50
1894,97
1895,11
1896,34
1897,73
1898,88
1899,75
1900,14
1901,63
1902,26
1903,76
1904,2
1905,11
1906,16
1907,86
1908,1
1909,78
1910,31
1911,9
1912,14
1913,60
1914,77
1915,65
1916,17
1917,17
1918,33
1919,43
1920,24
1921,64
1922,62
1923,78
1924,28
1925,72
1926,42
1927,42
1928,38
1929,2
1930,14
1931,84
1932,83
1933,85
1934,26
1935,99
1936,28
1937,46
1938,61
1939,52
1940,89
1941,28
1942,94
1943,36
1944,72
1945,70
1946,26
1947,63
1948,38
1949,98
1950,27
1951,39
1952,54
1953,3
1954,10
1955,25
1956,59
1957,85
1958,83
1959,35
1960,89
1961,64
1962,50
1963,84
1964,83
1965,34
1966,79
1967,48
1968,21
1969,44
1970,3
1971,8
1972,76
1973,41
1974,56
1975,57
1976,98
1977,49
1978,12
1979,54
1980,22
1981,34
1982,68
1983,48
1984,6
1985,32
1986,16
1987,0
1988,81
1989,36
1990,74
1991,11
1992,49
1993,63
1994,14
1995,91
1996,27
1997,7
1998,30
1999,66
2000,81
2001,76
2002,80
2003,9
2004,52
2005,71
2006,84
2007,41
2008,82
2009,53
2010,59
2011,11
2012,0
2013,72
2014,47
2015,0
2016,96
2017,63
2018,37
2019,86
2020,2
2021,92
2022,83
2023,92
2024,36
2025,85
2026,65
2027,61
2028,13
2029,0
2030,57
2031,75
2032,43
2033,97
2034,87
2035,98
2036,2
2037,27
2038,66
2039,20
2040,46
2041,20
2042,22
2043,99
2044,35
2045,34
2046,39
2047,96
2048,41
2049,55
2050,42
2051,22
2052,86
2053,37
2054,67
2055,30
2056,48
2057,65
2058,24
2059,85
2060,63
2061,41
2062,85
2063,5
2064,48
2065,46
2066,11
2067,87
2068,92
2069,64
2070,3
2071,89
2072,60
2073,51
2074,61
2075,33
2076,76
2077,4
2078,52
2079,63
2080,85
2081,79
2082,92
2083,94
2084,41
2085,2
2086,69
2087,19
2088,66
2089,76
2090,91
2091,44
2092,50
2093,69
2094,78
2095,83
2096,16
2097,89
2098,69
2099,44
2100,77
2101,69
2102,84
2103,1
2104,84
2105,1
2106,16
2107,97
2108,4
2109,51
2110,39
2111,59
2112,15
2113,49
2114,54
2115,81
2116,0
2117,96
2118,84
2119,7
2120,52
2121,61
2122,97
2123,0
2124,70
2125,29
2126,38
2127,35
2128,33
2129,12
2130,97
2131,97
2132,92
2133,94
2134,21
2135,15
2136,34
2137,36
2138,56
2139,57
2140,74
2141,43
2142,48
2143,67
2144,93
2145,32
2146,3
2147,3
2148,19
2149,2
2150,84
2151,60
2152,44
2153,31
2154,46
2155,86
2156,87
2157,11
2158,10
2159,5
2160,23
2161,46
2162,71
2163,16
2164,61
2165,18
2166,85
2167,7
2168,15
2169,86
2170,58
2171,13
2172,1
2173,7
2174,55
2175,86
2176,9
2177,68
2178,76
2179,26
2180,1
2181,90
2182,98
2183,3
2184,81
2185,45
2186,40
2187,91
2188,81
2189,54
2190,3
2191,46
2192,34
2193,43
2194,5
2195,43
2196,42
2197,37
2198,90
2199,45
2200,66
2201,77
2202,72
2203,60
2204,97
2205,98
2206,30
2207,66
2208,30
2209,21
2210,6
2211,88
2212,60
2213,26
2214,37
2215,53
2216,26
2217,36
2218,32
2219,40
2220,50
2221,80
2222,5
2223,43
2224,25
2225,66
2226,6
2227,20
2228,99
2229,73
2230,62
2231,90
2232,3
2233,69
2234,97
2235,28
2236,81
2237,41
2238,55
2239,66
2240,64
2241,50
2242,38
2243,22
2244,49
2245,41
2246,74
2247,16
2248,99
2249,58
2250,19
2251,21
2252,58
2253,58
2254,24
2255,6
2256,3
2257,97
2258,3
2259,89
2260,29
2261,23
2262,36
2263,44
2264,85
2265,92
2266,75
2267,14
2268,82
2269,99
2270,99
2271,13
2272,55
2273,32
2274,83
2275,88
2276,88
2277,60
2278,93
2279,68
2280,96
2281,72
2282,9
2283,61
2284,88
2285,50
2286,41
2287,27
2288,33
2289,19
2290,0
2291,81
2292,91
2293,79
2294,40
2295,1
2296,34
2297,22
2298,36
2299,40
2300,18
2301,75
2302,31
2303,30
2304,9
2305,46
2306,71
2307,87
2308,49
2309,24
2310,15
2311,0
2312,95
2313,81
2314,64
2315,33
2316,37
2317,11
2318,18
2319,73
2320,58
2321,29
2322,23
2323,95
2324,42
2325,88
2326,55
2327,17
2328,8
2329,87
2330,79
2331,37
2332,55
2333,93
2334,70
2335,1
2336,7
2337,80
2338,9
2339,58
2340,23
2341,51
2342,40
2343,52
2344,4
2345,76
2346,93
2347,46
2348,95
2349,16
2350,14
2351,43
2352,28
2353,72
2354,44
2355,36
2356,52
2357,4
2358,59
2359,18
2360,68
2361,71
2362,27
2363,30
2364,5
2365,93
2366,18
2367,71
2368,59
2369,24
2370,66
2371,7
2372,85
2373,63
2374,36
2375,55
2376,92
2377,82
2378,56
2379,67
2380,63
2381,43
2382,27
2383,89
2384,70
2385,22
2386,77
2387,90
2388,44
2389,67
2390,86
2391,37
2392,23
2393,80
2394,83
2395,94
2396,53
2397,82
2398,30
2399,74
2400,6
2401,9
2402,94
2403,15
2404,77
2405,56
2406,40
2407,38
2408,70
2409,18
2410,29
2411,22
2412,62
2413,31
2414,49
2415,14
2416,48
2417,59
2418,82
2419,82
2420,12
2421,97
2422,48
2423,54
2424,81
2425,49
2426,40
2427,2
2428,21
2429,6
2430,8
2431,38
2432,48
2433,37
2434,52
2435,3
2436,45
2437,66
2438,49
2439,26
2440,93
2441,27
2442,6
2443,69
2444,8
2445,92
2446,19
2447,47
2448,81
2449,80
2450,90
2451,90
2452,35
2453,78
2454,94
2455,97
2456,9
2457,28
2458,9
2459,8
2460,68
2461,43
2462,20
2463,12
2464,5
2465,40
2466,57
2467,55
2468,70
2469,3
2470,71
2471,79
2472,67
2473,55
2474,75
2475,87
2476,23
2477,72
2478,85
2479,75
2480,0
2481,71
2482,40
2483,44
2484,63
2485,63
2486,57
2487,56
2488,85
2489,68
2490,61
2491,42
2492,78
2493,78
2494,92
2495,78
2496,41
2497,62
2498,51
2499,99
2500,36
2501,12
2502,96
2503,47
2504,29
2505,27
2506,53
2507,15
2508,6
2509,33
2510,55
2511,52
2512,8
2513,81
2514,5
2515,89
2516,68
2517,60
2518,22
2519,98
2520,50
2521,20
2522,89
2523,39
2524,34
2525,73
2526,54
2527,0
2528,63
2529,74
2530,84
2531,66
2532,12
2533,82
2534,32
2535,6
2536,81
2537,36
2538,20
2539,4
2540,72
2541,94
2542,16
2543,86
2544,27
2545,64
2546,6
2547,14
2548,5
2549,68
2550,35
2551,31
2552,86
2553,38
2554,50
2555,81
2556,93
2557,15
2558,92
2559,17
2560,89
2561,90
2562,34
2563,9
2564,87
2565,20
2566,36
2567,88
2568,66
2569,31
2570,11
2571,71
2572,60
2573,44
2574,54
2575,56
2576,97
2577,85
2578,4
2579,6
2580,20
2581,57
2582,4
2583,73
2584,7
2585,6
2586,81
2587,94
2588,26
2589,60
2590,95
2591,57
2592,71
2593,88
2594,38
2595,14
2596,38
2597,29
2598,16
2599,38
2600,98
2601,92
2602,3
2603,80
2604,49
2605,18
2606,90
2607,37
2608,53
2609,42
2610,12
2611,74
2612,80
2613,69
2614,48
2615,41
2616,30
2617,69
2618,44
2619,50
2620,80
2621,42
2622,13
2623,1
2624,51
2625,81
2626,9
2627,4
2628,61
2629,17
2630,66
2631,58
2632,85
2633,18
2634,84
2635,97
2636,93
2637,63
2638,27
2639,93
2640,63
2641,22
2642,22
2643,99
2644,56
2645,19
2646,4
2647,94
2648,22
2649,93
2650,75
2651,36
2652,73
2653,45
2654,49
2655,31
2656,38
2657,0
2658,73
2659,81
2660,39
2661,69
2662,31
2663,75
2664,41
2665,83
2666,33
2667,96
2668,2
2669,16
2670,83
2671,27
2672,2
2673,14
2674,56
2675,92
2676,94
2677,0
2678,76
2679,3
2680,12
2681,77
2682,5
2683,30
2684,11
2685,19
2686,99
2687,66
2688,61
2689,15
2690,28
2691,4
2692,87
2693,40
2694,59
2695,45
2696,61
2697,60
2698,79
2699,41
2700,76
2701,58
2702,34
2703,29
2704,12
2705,13
2706,41
2707,11
2708,7
2709,40
2710,68
2711,11
2712,98
2713,14
2714,7
2715,76
2716,98
2717,15
2718,8
2719,44
2720,44
2721,64
2722,25
2723,51
2724,13
2725,39
2726,25
2727,81
2728,16
2729,54
2730,85
2731,78
2732,65
2733,57
2734,75
2735,54
2736,16
2737,10
2738,80
2739,26
2740,0
2741,86
2742,73
2743,73
2744,80
2745,22
2746,82
2747,80
2748,80
2749,39
2750,87
2751,50
2752,82
2753,99
2754,69
2755,9
2756,38
2757,94
2758,6
2759,40
2760,57
2761,54
2762,52
2763,19
2764,92
2765,28
2766,21
2767,46
2768,76
2769,38
2770,15
2771,47
2772,14
2773,10
2774,40
2775,29
2776,60
2777,66
2778,19
2779,85
2780,29
2781,93
2782,44
2783,37
2784,58
2785,90
2786,20
2787,91
2788,25
2789,93
2790,95
2791,2
2792,62
2793,20
2794,10
2795,33
2796,21
2797,18
2798,11
2799,46
2800,82
2801,67
2802,60
2803,93
2804,12
2805,23
2806,2
2807,25
2808,22
2809,20
2810,59
2811,47
2812,18
2813,43
2814,35
2815,48
2816,26
2817,17
2818,88
2819,55
2820,2
2821,89
2822,21
2823,94
2824,65
2825,70
2826,29
2827,57
2828,2
2829,38
2830,93
2831,10
2832,98
2833,6
2834,24
2835,5
2836,79
2837,68
2838,89
2839,98
2840,77
2841,85
2842,45
2843,2
2844,23
2845,69
2846,75
2847,33
2848,54
2849,94
2850,84
2851,89
2852,58
2853,52
2854,8
2855,98
2856,13
2857,14
2858,42
2859,16
2860,81
2861,26
2862,33
2863,60
2864,75
2865,20
2866,24
2867,46
2868,60
2869,27
2870,76
2871,90
2872,13
2873,96
2874,95
2875,36
2876,71
2877,33
2878,19
2879,29
2880,16
2881,14
2882,35
2883,49
2884,83
2885,95
2886,43
2887,19
2888,52
2889,42
2890,13
2891,77
2892,19
2893,66
2894,44
2895,18
2896,79
2897,4
2898,17
2899,46
2900,87
2901,59
2902,13
2903,60
2904,20
2905,90
2906,70
2907,32
2908,61
2909,86
2910,19
2911,30
2912,63
2913,52
2914,85
2915,5
2916,95
2917,34
2918,36
2919,94
2920,21
2921,0
2922,28
2923,77
2924,52
2925,91
2926,9
2927,28
2928,99
2929,78
2930,75
2931,40
2932,86
2933,82
2934,21
2935,36
2936,9
2937,55
2938,48
2939,49
2940,22
2941,43
2942,84
2943,12
2944,51
2945,87
2946,5
2947,97
2948,48
2949,98
2950,34
2951,11
2952,17
2953,24
2954,62
2955,31
2956,28
2957,47
2958,19
2959,29
2960,9
2961,84
2962,72
2963,45
2964,80
2965,10
2966,21
2967,65
2968,99
2969,62
2970,2
2971,94
2972,63
2973,58
2974,84
2975,71
2976,6
2977,63
2978,33
2979,6
2980,17
2981,33
2982,9
2983,5
2984,92
2985,31
2986,17
2987,36
2988,45
2989,84
2990,22
2991,60
2992,16
2993,51
2994,63
2995,92
2996,42
2997,38
2998,93
2999,74
3000,29
3001,63
3002,55
3003,43
3004,19
3005,28
3006,21
3007,36
3008,65
3009,38
3010,12
3011,90
3012,58
3013,62
3014,60
3015,37
3016,85
3017,40
3018,8
3019,12
3020,1
3021,46
3022,81
3023,75
3024,45
3025,62
3026,82
3027,57
3028,70
3029,61
3030,26
3031,20
3032,6
3033,54
3034,7
3035,13
3036,33
3037,41
3038,46
3039,12
3040,76
3041,73
3042,99
3043,2
3044,69
3045,21
3046,60
3047,99
3048,91
3049,18
3050,57
3051,50
3052,38
3053,93
3054,54
3055,49
3056,97
3057,26
3058,25
3059,22
3060,30
3061,86
3062,34
3063,81
3064,71
3065,12
3066,42
3067,33
3068,81
3069,81
3070,83
3071,88
3072,82
3073,44
3074,20
3075,81
3076,36
3077,92
3078,33
3079,60
3080,6
3081,21
3082,47
3083,22
3084,6
3085,93
3086,23
3087,32
3088,11
3089,74
3090,28
3091,8
3092,63
3093,44
3094,30
3095,14
3096,50
3097,30
3098,85
3099,24
3100,16
3101,27
3102,26
3103,56
3104,91
3105,69
3106,85
3107,45
3108,66
3109,3
3110,30
3111,41
3112,82
3113,3
3114,72
3115,21
3116,15
3117,6
3118,21
3119,83
3120,29
3121,18
3122,79
3123,83
3124,29
3125,92
3126,48
3127,98
3128,71
3129,68
3130,66
3131,73
3132,36
3133,65
3134,16
3135,9
3136,62
3137,98
3138,93
3139,90
3140,2
3141,69
3142,31
3143,64
3144,11
3145,78
3146,84
3147,1
3148,23
3149,38
3150,68
3151,55
3152,9
3153,77
3154,23
3155,87
3156,30
3157,45
3158,99
3159,13
3160,20
3161,26
3162,3
3163,88
3164,36
3165,8
3166,3
3167,25
3168,79
3169,39
3170,55
3171,50
3172,34
3173,23
3174,24
3175,51
3176,31
3177,25
3178,54
3179,46
3180,63
3181,70
3182,29
3183,53
3184,27
3185,93
3186,91
3187,26
3188,42
3189,47
3190,51
3191,27
3192,68
3193,82
3194,95
3195,95
3196,24
3197,46
3198,68
3199,47
3200,16
3201,90
3202,2
3203,10
3204,82
3205,62
3206,58
3207,24
3208,79
3209,8
3210,64
3211,20
3212,48
3213,50
3214,14
3215,93
3216,14
3217,74
3218,15
3219,54
3220,41
3221,98
3222,0
3223,43
3224,25
3225,63
3226,66
3227,72
3228,71
3229,49
3230,31
3231,8
3232,36
3233,43
3234,9
3235,33
3236,87
3237,72
3238,71
3239,83
3240,43
3241,5
3242,23
3243,90
3244,93
3245,58
3246,73
3247,70
3248,67
3249,91
3250,4
3251,44
3252,47
3253,67
3254,58
3255,3
3256,11
3257,89
3258,91
3259,18
3260,39
3261,8
3262,81
3263,34
3264,48
3265,73
3266,15
3267,41
3268,51
3269,57
3270,48
3271,66
3272,27
3273,94
3274,95
3275,14
3276,90
3277,25
3278,97
3279,61
3280,50
3281,99
3282,51
3283,73
3284,62
3285,47
3286,28
3287,61
3288,15
3289,17
3290,11
3291,98
3292,40
3293,55
3294,13
3295,47
3296,20
3297,35
3298,66
3299,5
3300,65
3301,47
3302,57
3303,28
3304,82
3305,84
3306,34
3307,35
3308,25
3309,24
3310,9
3311,73
3312,95
3313,39
3314,27
3315,60
3316,38
3317,3
3318,55
3319,56
3320,28
3321,69
3322,14
3323,20
3324,81
3325,48
3326,68
3327,46
3328,32
3329,92
3330,45
3331,47
3332,68
3333,53
3334,77
3335,49
3336,71
3337,29
3338,42
3339,62
3340,74
3341,98
3342,39
3343,18
3344,91
3345,70
3346,43
3347,16
3348,39
3349,21
3350,90
3351,87
3352,36
3353,24
3354,86
3355,47
3356,82
3357,32
3358,76
3359,79
3360,92
3361,57
3362,82
3363,64
3364,4
3365,17
3366,76
3367,99
3368,68
3369,39
3370,77
3371,10
3372,39
3373,83
3374,64
3375,46
3376,61
3377,70
3378,11
3379,13
3380,86
3381,41
3382,98
3383,21
3384,21
3385,15
3386,41
3387,42
3388,95
3389,92
3390,15
3391,86
3392,79
3393,37
3394,85
3395,72
3396,49
3397,5
3398,51
3399,39
3400,73
3401,4
3402,83
3403,97
3404,42
3405,46
3406,86
3407,2
3408,20
3409,53
3410,23
3411,51
3412,58
3413,39
3414,68
3415,1
3416,16
3417,82
3418,3
3419,79
3420,66
3421,45
3422,7
3423,76
3424,61
3425,18
3426,86
3427,24
3428,19
3429,73
3430,84
3431,38
3432,0
3433,93
3434,90
3435,31
3436,1
3437,63
3438,48
3439,95
3440,76
3441,41
3442,59
3443,15
3444,40
3445,8
3446,49
3447,93
3448,40
3449,52
3450,25
3451,39
3452,19
3453,32
3454,13
3455,78
3456,48
3457,78
3458,26
3459,28
3460,54
3461,21
3462,27
3463,88
3464,3
3465,64
3466,80
3467,92
3468,49
3469,15
3470,31
3471,28
3472,11
3473,1
3474,12
3475,56
3476,16
3477,44
3478,97
3479,92
3480,0
3481,86
3482,75
3483,47
3484,49
3485,39
3486,85
3487,49
3488,27
3489,93
3490,0
3491,16
3492,54
3493,4
3494,12
3495,52
3496,46
3497,38
3498,18
3499,25
3500,91
3501,87
3502,50
3503,72
3504,67
3505,23
3506,54
3507,11
3508,9
3509,97
3510,1
3511,3
3512,37
3513,23
3514,59
3515,58
3516,96
3517,74
3518,98
3519,37
3520,27
3521,20
3522,10
3523,31
3524,53
3525,86
3526,2
3527,48
3528,18
3529,47
3530,11
3531,11
3532,14
3533,27
3534,74
3535,83
3536,25
3537,65
3538,54
3539,1
3540,61
3541,99
3542,8
3543,57
3544,99
3545,8
3546,88
3547,13
3548,85
3549,84
3550,29
3551,3
3552,76
3553,36
3554,22
3555,5
3556,77
3557,40
3558,53
3559,5
3560,56
3561,7
3562,15
3563,37
3564,34
3565,28
3566,21
3567,98
3568,19
3569,3
3570,95
3571,61
3572,1
3573,27
3574,53
3575,77
3576,70
3577,32
3578,89
3579,87
3580,91
3581,14
3582,56
3583,17
3584,50
3585,39
3586,81
3587,53
3588,2
3589,9
3590,70
3591,80
3592,61
3593,73
3594,71
3595,10
3596,47
3597,23
3598,8
3599,4
3600,51
3601,99
3602,86
3603,65
3604,56
3605,79
3606,12
3607,78
3608,75
3609,58
3610,58
3611,76
3612,25
3613,28
3614,74
3615,41
3616,0
3617,86
3618,45
3619,27
3620,41
3621,13
3622,21
3623,16
3624,50
3625,68
3626,93
3627,23
3628,60
3629,22
3630,48
3631,96
3632,21
3633,85
3634,46
3635,13
3636,0
3637,71
3638,48
3639,77
3640,67
3641,74
3642,40
3643,16
3644,76
3645,84
3646,24
3647,73
3648,92
3649,23
3650,78
3651,71
3652,36
3653,61
3654,87
3655,79
3656,70
3657,67
3658,98
3659,35
3660,96
3661,50
3662,50
3663,60
3664,33
3665,72
3666,49
3667,82
3668,19
3669,51
3670,17
3671,61
3672,13
3673,10
3674,85
3675,62
3676,73
3677,92
3678,76
3679,74
3680,2
3681,66
3682,25
3683,94
3684,63
3685,74
3686,1
3687,25
3688,69
3689,89
3690,64
3691,24
3692,29
3693,26
3694,17
3695,24
3696,0
3697,47
3698,7
3699,25
3700,52
3701,62
3702,76
3703,68
3704,97
3705,74
3706,14
3707,68
3708,78
3709,71
3710,64
3711,24
3712,94
3713,40
3714,0
3715,23
3716,13
3717,17
3718,81
3719,16
3720,56
3721,66
3722,52
3723,84
3724,33
3725,91
3726,29
3727,66
3728,11
3729,67
3730,37
3731,18
3732,51
3733,87
3734,48
3735,60
3736,74
3737,86
3738,55
3739,30
3740,46
3741,28
3742,1
3743,12
3744,59
3745,4
3746,8
3747,92
3748,40
3749,81
3750,1
3751,6
3752,16
3753,30
3754,80
3755,6
3756,5
3757,48
3758,26
3759,26
3760,98
3761,70
3762,98
3763,1
3764,1
3765,40
3766,33
3767,28
3768,4
3769,76
3770,73
3771,10
3772,21
3773,47
3774,17
3775,16
3776,27
3777,76
3778,3
3779,97
3780,24
3781,82
3782,81
3783,69
3784,58
3785,39
3786,10
3787,18
3788,37
3789,29
3790,4
3791,15
3792,43
3793,16
3794,97
3795,10
3796,87
3797,24
3798,54
3799,16
3800,57
3801,3
3802,57
3803,58
3804,21
3805,77
3806,95
3807,33
3808,72
3809,1
3810,60
3811,50
3812,1
3813,95
3814,86
3815,16
3816,3
3817,87
3818,97
3819,9
3820,57
3821,9
3822,9
3823,6
3824,52
3825,75
3826,8
3827,97
3828,19
3829,43
3830,24
3831,17
3832,80
3833,20
3834,14
3835,94
3836,7
3837,46
3838,32
3839,15
3840,49
3841,83
3842,95
3843,77
3844,88
3845,46
3846,26
3847,64
3848,82
3849,40
3850,81
3851,55
3852,9
3853,23
3854,59
3855,64
3856,56
3857,35
3858,2
3859,81
3860,53
3861,57
3862,66
3863,20
3864,17
3865,1
3866,96
3867,89
3868,94
3869,81
3870,6
3871,24
3872,50
3873,10
3874,97
3875,20
3876,76
3877,84
3878,40
3879,21
3880,37
3881,48
3882,91
3883,76
3884,41
3885,25
3886,61
3887,15
3888,65
3889,55
3890,4
3891,43
3892,59
3893,41
3894,21
3895,70
3896,62
3897,81
3898,12
3899,90
3900,99
3901,92
3902,45
3903,68
3904,74
3905,2
3906,3
3907,35
3908,72
3909,59
3910,55
3911,81
3912,86
3913,18
3914,35
3915,47
3916,48
3917,31
3918,80
3919,78
3920,11
3921,75
3922,65
3923,57
3924,30
3925,17
3926,41
3927,94
3928,98
3929,41
3930,6
3931,3
3932,38
3933,85
3934,40
3935,97
3936,96
3937,10
3938,94
3939,39
3940,88
3941,87
3942,8
3943,84
3944,18
3945,68
3946,64
3947,5
3948,71
3949,24
3950,10
3951,88
3952,22
3953,90
3954,68
3955,59
3956,40
3957,53
3958,92
3959,33
3960,93
3961,78
3962,54
3963,55
3964,57
3965,16
3966,38
3967,19
3968,8
3969,24
3970,59
3971,23
3972,79
3973,28
3974,78
3975,53
3976,57
3977,10
3978,5
3979,54
3980,34
3981,49
3982,81
3983,58
3984,92
3985,22
3986,19
3987,97
3988,60
3989,31
3990,7
3991,85
3992,51
3993,81
3994,17
3995,73
3996,58
3997,47
3998,88
3999,3
4000,66
4001,65
4002,14
4003,52
4004,51
4005,24
4006,87
4007,52
4008,70
4009,10
4010,61
4011,34
4012,87
4013,83
4014,43
4015,56
4016,75
4017,66
4018,47
4019,55
4020,10
4021,79
4022,91
4023,65
4024,73
4025,58
4026,89
4027,39
4028,97
4029,0
4030,33
4031,51
4032,15
4033,24
4034,90
4035,55
4036,83
4037,57
4038,96
4039,0
4040,95
4041,34
4042,19
4043,55
4044,82
4045,30
4046,97
4047,92
4048,52
4049,19
4050,2
4051,95
4052,77
4053,13
4054,95
4055,79
4056,48
4057,40
4058,70
4059,96
4060,50
4061,79
4062,49
4063,68
4064,39
4065,83
4066,6
4067,39
4068,28
4069,29
4070,76
4071,14
4072,7
4073,99
4074,52
4075,72
4076,42
4077,45
4078,52
4079,12
4080,20
4081,21
4082,69
4083,95
4084,11
4085,59
4086,82
4087,19
4088,23
4089,30
4090,1
4091,52
4092,78
4093,50
4094,48
4095,43
4096,39
4097,85
4098,5
4099,2
4100,61
4101,98
4102,31
4103,50
4104,47
4105,34
4106,74
4107,85
4108,62
4109,30
4110,85
4111,55
4112,76
4113,69
4114,35
4115,65
4116,14
4117,96
4118,27
4119,98
4120,72
4121,22
4122,69
4123,91
4124,44
4125,82
4126,59
4127,58
4128,67
4129,22
4130,93
4131,18
4132,69
4133,94
4134,28
4135,85
4136,41
4137,71
4138,13
4139,18
4140,50
4141,80
4142,74
4143,22
4144,22
4145,62
4146,67
4147,84
4148,93
4149,95
4150,91
4151,95
4152,74
4153,46
4154,33
4155,65
4156,9
4157,40
4158,0
4159,74
4160,58
4161,18
4162,32
4163,68
4164,13
4165,38
4166,63
4167,25
4168,54
4169,23
4170,86
4171,40
4172,62
4173,72
4174,31
4175,84
4176,41
4177,9
4178,13
4179,50
4180,53
4181,59
4182,80
4183,27
4184,17
4185,96
4186,4
4187,33
4188,54
4189,24
4190,86
4191,43
4192,72
4193,90
4194,39
4195,30
4196,15
4197,64
4198,78
4199,71
4200,63
4201,42
4202,35
4203,19
4204,66
4205,72
4206,19
4207,16
4208,97
4209,34
4210,1
4211,13
4212,27
4213,19
4214,40
4215,46
4216,96
4217,89
4218,48
4219,10
4220,47
4221,17
4222,89
4223,67
4224,81
4225,56
4226,58
4227,78
4228,30
4229,24
4230,46
4231,13
4232,30
4233,99
4234,34
4235,85
4236,50
4237,8
4238,51
4239,59
4240,56
4241,85
4242,13
4243,55
4244,41
4245,39
4246,86
4247,14
4248,72
4249,33
4250,9
4251,85
4252,83
4253,86
4254,10
4255,13
4256,70
4257,77
4258,33
4259,83
4260,43
4261,59
4262,17
4263,47
4264,27
4265,90
4266,94
4267,29
4268,47
4269,36
4270,92
4271,28
4272,58
4273,93
4274,86
4275,63
4276,83
4277,65
4278,11
4279,66
4280,64
4281,2
4282,96
4283,50
4284,68
4285,60
4286,55
4287,90
4288,38
4289,24
4290,70
4291,44
4292,33
4293,17
4294,59
4295,56
4296,52
4297,31
4298,1
4299,30
4300,38
4301,40
4302,22
4303,5
4304,31
4305,49
4306,34
4307,72
4308,31
4309,59
4310,59
4311,89
4312,64
4313,84
4314,8
4315,40
4316,14
4317,53
4318,9
4319,46
4320,71
4321,39
4322,14
4323,54
4324,34
4325,25
4326,83
4327,1
4328,2
4329,86
4330,63
4331,76
4332,23
4333,52
4334,26
4335,7
4336,40
4337,94
4338,24
4339,40
4340,90
4341,21
4342,54
4343,55
4344,76
4345,43
4346,7
4347,10
4348,46
4349,97
4350,45
4351,2
4352,64
4353,33
4354,14
4355,50
4356,91
4357,20
4358,85
4359,33
4360,84
4361,40
4362,37
4363,22
4364,8
4365,4
4366,2
4367,78
4368,96
4369,71
4370,89
4371,22
4372,6
4373,56
4374,97
4375,81
4376,99
4377,3
4378,22
4379,43
4380,35
4381,81
4382,38
4383,21
4384,74
4385,96
4386,35
4387,44
4388,49
4389,72
4390,81
4391,69
4392,56
4393,96
4394,23
4395,99
4396,0
4397,12
4398,97
4399,77
4400,90
4401,7
4402,19
4403,21
4404,65
4405,30
4406,11
4407,52
4408,31
4409,79
4410,23
4411,30
4412,88
4413,56
4414,84
4415,42
4416,26
4417,69
4418,9
4419,0
4420,95
4421,19
4422,49
4423,74
4424,0
4425,5
4426,86
4427,38
4428,60
4429,82
4430,31
4431,45
4432,37
4433,97
4434,73
4435,90
4436,28
4437,2
4438,55
4439,94
4440,21
4441,83
4442,6
4443,50
4444,72
4445,40
4446,7
4447,24
4448,57
4449,59
4450,71
4451,19
4452,7
4453,24
4454,63
4455,59
4456,92
4457,22
4458,28
4459,60
4460,84
4461,11
4462,94
4463,92
4464,72
4465,10
4466,76
4467,7
4468,87
4469,62
4470,57
4471,39
4472,52
4473,51
4474,86
4475,25
4476,37
4477,29
4478,82
4479,95
4480,85
4481,39
4482,62
4483,37
4484,82
4485,72
4486,1
4487,72
4488,45
4489,43
4490,48
4491,2
4492,23
4493,14
4494,38
4495,23
4496,60
4497,80
4498,13
4499,18
4500,54
4501,72
4502,31
4503,10
4504,41
4505,28
4506,64
4507,44
4508,80
4509,83
4510,81
4511,4
4512,15
4513,49
4514,63
4515,57
4516,71
4517,40
4518,74
4519,4
4520,8
4521,15
4522,71
4523,95
4524,80
4525,81
4526,23
4527,52
4528,26
4529,22
4530,66
4531,1
4532,74
4533,72
4534,45
4535,42
4536,26
4537,21
4538,13
4539,64
4540,68
4541,8
4542,85
4543,38
4544,60
4545,68
4546,36
4547,44
4548,67
4549,41
4550,75
4551,6
4552,13
4553,15
4554,79
4555,24
4556,97
4557,51
4558,14
4559,86
4560,15
4561,26
4562,77
4563,30
4564,75
4565,52
4566,67
4567,5
4568,91
4569,87
4570,29
4571,73
4572,63
4573,73
4574,63
4575,47
4576,27
4577,51
4578,62
4579,20
4580,37
4581,17
4582,31
4583,98
4584,9
4585,91
4586,23
4587,45
4588,86
4589,0
4590,97
4591,37
4592,24
4593,17
4594,37
4595,43
4596,37
4597,78
4598,97
4599,33
4600,60
4601,61
4602,18
4603,54
4604,85
4605,25
4606,11
4607,53
4608,44
4609,75
4610,42
4611,24
4612,6
4613,36
4614,93
4615,11
4616,73
4617,93
4618,61
4619,39
4620,86
4621,96
4622,89
4623,32
4624,78
4625,87
4626,1
4627,40
4628,58
4629,69
4630,45
4631,87
4632,98
4633,77
4634,0
4635,72
4636,66
4637,26
4638,90
4639,12
4640,18
4641,20
4642,0
4643,14
4644,54
4645,44
4646,77
4647,68
4648,96
4649,66
4650,47
4651,85
4652,83
4653,46
4654,92
4655,60
4656,72
4657,47
4658,18
4659,65
4660,8
4661,15
4662,39
4663,3
4664,99
4665,48
4666,35
4667,38
4668,59
4669,24
4670,97
4671,1
4672,87
4673,34
4674,50
4675,30
4676,53
4677,52
4678,5
4679,51
4680,97
4681,41
4682,30
4683,19
4684,87
4685,52
4686,43
4687,42
4688,98
4689,76
4690,39
4691,57
4692,23
4693,61
4694,92
4695,50
4696,65
4697,32
4698,73
4699,43
4700,13
4701,60
4702,16
4703,23
4704,53
4705,57
4706,43
4707,36
4708,60
4709,26
4710,45
4711,88
4712,48
4713,91
4714,77
4715,53
4716,93
4717,58
4718,97
4719,41
4720,91
4721,67
4722,15
4723,73
4724,81
4725,60
4726,74
4727,19
4728,70
4729,71
4730,7
4731,42
4732,57
4733,61
4734,18
4735,32
4736,11
4737,94
4738,58
4739,54
4740,64
4741,23
4742,35
4743,2
4744,74
4745,30
4746,34
4747,41
4748,5
4749,1
4750,6
4751,23
4752,60
4753,66
4754,48
4755,66
4756,77
4757,28
4758,7
4759,20
4760,58
4761,70
4762,33
4763,24
4764,7
4765,90
4766,91
4767,43
4768,12
4769,95
4770,72
4771,74
4772,29
4773,88
4774,67
4775,66
4776,94
4777,83
4778,46
4779,9
4780,64
4781,8
4782,55
4783,95
4784,68
4785,75
4786,69
4787,79
4788,0
4789,19
4790,28
4791,67
4792,53
4793,1
4794,66
4795,15
4796,71
4797,25
4798,67
4799,65
4800,42
4801,38
4802,15
4803,53
4804,75
4805,96
4806,62
4807,69
4808,17
4809,3
4810,60
4811,75
4812,55
4813,2
4814,51
4815,36
4816,17
4817,53
4818,52
4819,4
4820,22
4821,16
4822,22
4823,73
4824,86
4825,33
4826,60
4827,48
4828,98
4829,71
4830,25
4831,47
4832,73
4833,53
4834,67
4835,24
4836,74
4837,59
4838,91
4839,79
4840,25
4841,65
4842,43
4843,24
4844,98
4845,2
4846,84
4847,11
4848,25
4849,76
4850,83
4851,10
4852,8
4853,58
4854,67
4855,81
4856,7
4857,8
4858,64
4859,63
4860,68
4861,54
4862,74
4863,92
4864,29
4865,1
4866,53
4867,25
4868,36
4869,77
4870,1
4871,73
4872,62
4873,31
4874,14
4875,84
4876,43
4877,83
4878,30
4879,39
4880,80
4881,25
4882,11
4883,48
4884,52
4885,89
4886,0
4887,72
4888,5
4889,1
4890,25
4891,81
4892,70
4893,88
4894,5
4895,65
4896,6
4897,87
4898,50
4899,77
4900,28
4901,28
4902,14
4903,71
4904,22
4905,78
4906,6
4907,80
4908,85
4909,80
4910,14
4911,8
4912,26
4913,82
4914,99
4915,0
4916,38
4917,8
4918,71
4919,44
4920,20
4921,41
4922,35
4923,30
4924,95
4925,92
4926,88
4927,26
4928,18
4929,85
4930,75
4931,90
4932,1
4933,2
4934,47
4935,52
4936,11
4937,96
4938,10
4939,53
4940,23
4941,85
4942,9
4943,23
4944,39
4945,55
4946,76
4947,24
4948,38
4949,55
4950,60
4951,48
4952,88
4953,73
4954,60
4955,74
4956,63
4957,36
4958,31
4959,73
4960,93
4961,48
4962,69
4963,61
4964,34
4965,14
4966,76
4967,12
4968,43
4969,4
4970,92
4971,16
4972,76
4973,29
4974,54
4975,32
4976,1
4977,71
4978,37
4979,65
4980,23
4981,58
4982,22
4983,53
4984,8
4985,21
4986,91
4987,82
4988,73
4989,60
4990,28
4991,59
4992,44
4993,13
4994,38
4995,3
4996,28
4997,53
4998,34
4999,7
5000,64
5001,21
5002,8
5003,63
5004,54
5005,88
5006,96
5007,11
5008,26
5009,4
5010,58
5011,82
5012,53
5013,84
5014,68
5015,78
5016,53
5017,18
5018,22
5019,25
5020,51
5021,28
5022,88
5023,8
5024,59
5025,15
5026,62
5027,39
5028,94
5029,53
5030,36
5031,79
5032,13
5033,21
5034,46
5035,23
5036,63
5037,0
5038,3
5039,13
5040,62
5041,30
5042,91
5043,53
5044,6
5045,67
5046,65
5047,59
5048,34
5049,55
5050,49
5051,4
5052,11
5053,62
5054,84
5055,29
5056,23
5057,22
5058,18
5059,81
5060,35
5061,17
5062,48
5063,15
5064,99
5065,64
5066,58
5067,58
5068,68
5069,26
5070,96
5071,92
5072,41
5073,1
5074,97
5075,27
5076,34
5077,5
5078,60
5079,30
5080,41
5081,14
5082,12
5083,8
5084,15
5085,7
5086,58
5087,9
5088,77
5089,81
5090,22
5091,1
5092,58
5093,50
5094,49
5095,88
5096,18
5097,38
5098,18
5099,58
5100,89
5101,29
5102,18
5103,49
5104,78
5105,20
5106,86
5107,99
5108,70
5109,62
5110,33
5111,54
5112,33
5113,21
5114,41
5115,15
5116,92
5117,2
5118,16
5119,72
5120,49
5121,61
5122,26
5123,37
5124,29
5125,40
5126,94
5127,34
5128,58
5129,88
5130,2
5131,3
5132,73
5133,57
5134,44
5135,76
5136,54
5137,2
5138,42
5139,58
5140,38
5141,6
5142,14
5143,50
5144,29
5145,67
5146,53
5147,33
5148,24
5149,19
5150,85
5151,46
5152,13
5153,86
5154,42
5155,65
5156,93
5157,88
5158,50
5159,77
5160,97
5161,1
5162,67
5163,4
5164,35
5165,4
5166,32
5167,71
5168,89
5169,85
5170,4
5171,93
5172,95
5173,73
5174,10
5175,48
5176,4
5177,58
5178,91
5179,42
5180,7
5181,53
5182,19
5183,24
5184,92
5185,89
5186,46
5187,65
5188,30
5189,34
5190,68
5191,44
5192,11
5193,10
5194,69
5195,74
5196,28
5197,57
5198,18
5199,87
5200,74
5201,49
5202,11
5203,5
5204,44
5205,46
5206,18
5207,68
5208,0
5209,16
5210,78
5211,91
5212,56
5213,62
5214,84
5215,59
5216,31
5217,55
5218,65
5219,95
5220,46
5221,26
5222,47
5223,67
5224,29
5225,64
5226,15
5227,42
5228,91
5229,79
5230,72
5231,72
5232,70
5233,86
5234,54
5235,30
5236,92
5237,89
5238,55
5239,21
5240,25
5241,47
5242,90
5243,7
5244,72
5245,18
5246,40
5247,48
5248,12
5249,71
5250,34
5251,43
5252,21
5253,69
5254,76
5255,33
5256,79
5257,5
5258,83
5259,56
5260,20
5261,79
5262,50
5263,91
5264,90
5265,96
5266,54
5267,49
5268,76
5269,77
5270,81
5271,87
5272,22
5273,22
5274,95
5275,44
5276,95
5277,71
5278,27
5279,35
5280,40
5281,54
5282,0
5283,22
5284,68
5285,41
5286,84
5287,99
5288,83
5289,11
5290,4
5291,4
5292,10
5293,68
5294,54
5295,32
5296,65
5297,45
5298,76
5299,11
5300,32
5301,22
5302,23
5303,18
5304,27
5305,46
5306,8
5307,76
5308,4
5309,27
5310,47
5311,68
5312,43
5313,48
5314,22
5315,96
5316,63
5317,50
5318,13
5319,19
5320,34
5321,18
5322,33
5323,32
5324,13
5325,61
5326,71
5327,27
5328,44
5329,77
5330,64
5331,47
5332,79
5333,83
5334,20
5335,91
5336,61
5337,13
5338,77
5339,10
5340,19
5341,15
5342,41
5343,7
5344,87
5345,28
5346,99
5347,8
5348,63
5349,1
5350,32
5351,30
5352,50
5353,43
5354,74
5355,67
5356,95
5357,69
5358,11
5359,47
5360,81
5361,76
5362,92
5363,53
5364,5
5365,93
5366,14
5367,67
5368,24
5369,73
5370,60
5371,27
5372,83
5373,59
5374,66
5375,27
5376,83
5377,79
5378,41
5379,67
5380,22
5381,15
5382,38
5383,17
5384,99
5385,59
5386,8
5387,29
5388,38
5389,90
5390,22
5391,67
5392,18
5393,72
5394,52
5395,31
5396,19
5397,73
5398,58
5399,66
5400,67
5401,65
5402,94
5403,82
5404,33
5405,20
5406,68
5407,94
5408,59
5409,43
5410,17
5411,54
5412,92
5413,82
5414,69
5415,7
5416,87
5417,62
5418,83
5419,71
5420,99
5421,59
5422,94
5423,68
5424,95
5425,70
5426,73
5427,61
5428,64
5429,67
5430,22
5431,99
5432,83
5433,21
5434,50
5435,18
5436,48
5437,54
5438,51
5439,17
5440,14
5441,20
5442,31
5443,62
5444,69
5445,79
5446,88
5447,72
5448,27
5449,89
5450,6
5451,93
5452,6
5453,58
5454,73
5455,90
5456,26
5457,87
5458,23
5459,96
5460,76
5461,19
5462,17
5463,61
5464,44
5465,14
5466,96
5467,74
5468,2
5469,63
5470,65
5471,74
5472,24
5473,52
5474,60
5475,77
5476,77
5477,55
5478,81
5479,16
5480,54
5481,40
5482,94
5483,9
5484,55
5485,9
5486,80
5487,28
5488,70
5489,94
5490,34
5491,82
5492,57
5493,37
5494,35
5495,42
5496,52
5497,14
5498,17
5499,14
5500,32
5501,35
5502,16
5503,67
5504,35
5505,38
5506,35
5507,90
5508,19
5509,74
5510,67
5511,48
5512,63
5513,96
5514,10
5515,26
5516,2
5517,47
5518,32
5519,81
5520,47
5521,56
5522,93
5523,62
5524,41
5525,9
5526,15
5527,94
5528,82
5529,37
5530,48
5531,7
5532,88
5533,5
5534,76
5535,12
5536,42
5537,42
5538,26
5539,66
5540,79
5541,91
5542,84
5543,30
5544,15
5545,19
5546,82
5547,53
5548,4
5549,80
5550,70
5551,61
5552,56
5553,7
5554,11
5555,56
5556,82
5557,62
5558,10
5559,60
5560,47
5561,20
5562,82
5563,50
5564,21
5565,58
5566,23
5567,21
5568,88
5569,21
5570,19
5571,5
5572,40
5573,73
5574,40
5575,67
5576,15
5577,91
5578,37
5579,2
5580,52
5581,5
5582,62
5583,1
5584,94
5585,51
5586,32
5587,63
5588,74
5589,45
5590,2
5591,77
5592,21
5593,65
5594,21
5595,13
5596,92
5597,2
5598,73
5599,6
5600,76
5601,59
5602,40
5603,65
5604,42
5605,11
5606,33
5607,51
5608,92
5609,6
5610,74
5611,4
5612,80
5613,69
5614,28
5615,79
5616,93
5617,74
5618,90
5619,20
5620,54
5621,40
5622,90
5623,55
5624,28
5625,96
5626,6
5627,55
5628,93
5629,46
5630,59
5631,66
5632,9
5633,71
5634,2
5635,91
5636,88
5637,32
5638,11
5639,54
5640,84
5641,41
5642,11
5643,99
5644,67
5645,34
5646,71
5647,82
5648,57
5649,38
5650,66
5651,74
5652,5
5653,11
5654,8
5655,71
5656,55
5657,59
5658,71
5659,56
5660,98
5661,81
5662,59
5663,41
5664,53
5665,89
5666,5
5667,68
5668,12
5669,80
5670,65
5671,16
5672,29
5673,19
5674,16
5675,50
5676,69
5677,25
5678,6
5679,77
5680,30
5681,66
5682,64
5683,57
5684,53
5685,17
5686,76
5687,61
5688,66
5689,76
5690,16
5691,36
5692,43
5693,15
5694,99
5695,43
5696,47
5697,78
5698,90
5699,6
5700,67
5701,18
5702,49
5703,17
5704,86
5705,67
5706,34
5707,89
5708,16
5709,4
5710,9
5711,39
5712,29
5713,88
5714,49
5715,87
5716,84
5717,88
5718,70
5719,7
5720,7
5721,72
5722,64
5723,28
5724,69
5725,2
5726,81
5727,91
5728,50
5729,71
5730,44
5731,25
5732,96
5733,66
5734,76
5735,5
5736,63
5737,61
5738,75
5739,92
5740,79
5741,90
5742,27
5743,33
5744,11
5745,6
5746,9
5747,86
5748,39
5749,27
5750,15
5751,68
5752,90
5753,74
5754,34
5755,76
5756,16
5757,56
5758,99
5759,76
5760,69
5761,10
5762,65
5763,15
5764,6
5765,40
5766,61
5767,88
5768,32
5769,54
5770,52
5771,35
5772,90
5773,69
5774,26
5775,37
5776,39
5777,78
5778,54
5779,23
5780,68
5781,85
5782,86
5783,15
5784,92
5785,37
5786,80
5787,82
5788,88
5789,30
5790,84
5791,65
5792,91
5793,13
5794,8
5795,27
5796,33
5797,52
5798,11
5799,48
5800,86
5801,45
5802,94
5803,50
5804,4
5805,22
5806,44
5807,54
5808,43
5809,38
5810,19
5811,17
5812,23
5813,79
5814,40
5815,65
5816,66
5817,36
5818,11
5819,96
5820,56
5821,93
5822,2
5823,9
5824,71
5825,31
5826,78
5827,63
5828,70
5829,45
5830,66
5831,22
5832,99
5833,87
5834,20
5835,30
5836,61
5837,47
5838,26
5839,49
5840,19
5841,89
5842,93
5843,22
5844,87
5845,69
5846,59
5847,88
5848,44
5849,99
5850,72
5851,13
5852,87
5853,28
5854,96
5855,37
5856,3
5857,73
5858,64
5859,68
5860,98
5861,16
5862,91
5863,90
5864,44
5865,61
5866,32
5867,64
5868,93
5869,33
5870,3
5871,92
5872,35
5873,25
5874,53
5875,46
5876,85
5877,91
5878,51
5879,6
5880,94
5881,83
5882,80
5883,47
5884,37
5885,1
5886,73
5887,49
5888,52
5889,76
5890,20
5891,88
5892,40
5893,4
5894,28
5895,77
5896,53
5897,38
5898,44
5899,10
5900,19
5901,65
5902,90
5903,39
5904,11
5905,17
5906,66
5907,60
5908,67
5909,48
5910,29
5911,40
5912,25
5913,11
5914,83
5915,15
5916,89
5917,57
5918,5
5919,3
5920,38
5921,88
5922,50
5923,59
5924,17
5925,41
5926,66
5927,65
5928,19
5929,50
5930,22
5931,86
5932,76
5933,50
5934,53
5935,28
5936,54
5937,67
5938,80
5939,97
5940,82
5941,91
5942,85
5943,96
5944,13
5945,47
5946,9
5947,66
5948,61
5949,41
5950,48
5951,38
5952,9
5953,18
5954,15
5955,2
5956,35
5957,28
5958,29
5959,50
5960,22
5961,82
5962,87
5963,13
5964,95
5965,46
5966,69
5967,11
5968,41
5969,67
5970,71
5971,6
5972,15
5973,62
5974,43
5975,38
5976,23
5977,76
5978,37
5979,91
5980,73
5981,23
5982,50
5983,16
5984,85
5985,41
5986,72
5987,59
5988,90
5989,77
5990,95
5991,88
5992,51
5993,75
5994,8
5995,25
5996,64
5997,30
5998,43
5999,11
6000,86
6001,42
6002,90
6003,0
6004,96
6005,95
6006,11
6007,66
6008,59
6009,99
6010,44
6011,97
6012,10
6013,24
6014,49
6015,42
6016,14
6017,58
6018,2
6019,20
6020,52
6021,29
6022,9
6023,99
6024,81
6025,33
6026,98
6027,23
6028,86
6029,72
6030,9
6031,90
6032,84
6033,51
6034,25
6035,68
6036,13
6037,32
6038,40
6039,26
6040,91
6041,41
6042,90
6043,55
6044,72
6045,9
6046,42
6047,23
6048,46
6049,52
6050,43
6051,49
6052,69
6053,64
6054,92
6055,48
6056,83
6057,24
6058,16
6059,3
6060,88
6061,64
6062,31
6063,27
6064,67
6065,18
6066,51
6067,29
6068,16
6069,15
6070,36
6071,75
6072,59
6073,98
6074,24
6075,40
6076,66
6077,35
6078,33
6079,39
6080,33
6081,72
6082,15
6083,85
6084,93
6085,67
6086,94
6087,5
6088,66
6089,88
6090,24
6091,5
6092,62
6093,48
6094,94
6095,81
6096,78
6097,99
6098,17
6099,30
6100,21
6101,22
6102,4
6103,99
6104,38
6105,59
6106,91
6107,45
6108,1
6109,59
6110,31
6111,53
6112,56
6113,31
6114,66
6115,99
6116,2
6117,69
6118,57
6119,26
6120,99
6121,32
6122,18
6123,32
6124,95
6125,35
6126,37
6127,1
6128,33
6129,39
6130,12
6131,82
6132,1
6133,43
6134,66
6135,94
6136,70
6137,6
6138,47
6139,8
6140,30
6141,68
6142,26
6143,46
6144,8
6145,47
6146,9
6147,93
6148,28
6149,9
6150,70
6151,23
6152,67
6153,62
6154,56
6155,43
6156,83
6157,66
6158,1
6159,44
6160,46
6161,7
6162,43
6163,31
6164,90
6165,50
6166,8
6167,27
6168,70
6169,15
6170,46
6171,14
6172,5
6173,97
6174,40
6175,54
6176,18
6177,48
6178,62
6179,92
6180,99
6181,70
6182,23
6183,37
6184,15
6185,97
6186,98
6187,12
6188,4
6189,39
6190,57
6191,3
6192,13
6193,33
6194,86
6195,3
6196,2
6197,68
6198,7
6199,6
6200,20
6201,46
6202,21
6203,85
6204,80
6205,62
6206,49
6207,7
6208,60
6209,86
6210,32
6211,75
6212,32
6213,74
6214,51
6215,1
6216,85
6217,4
6218,45
6219,20
6220,56
6221,2
6222,29
6223,3
6224,77
6225,31
6226,24
6227,98
6228,48
6229,10
6230,98
6231,35
6232,52
6233,46
6234,43
6235,7
6236,43
6237,20
6238,46
6239,1
6240,22
6241,34
6242,27
6243,87
6244,57
6245,97
6246,23
6247,18
6248,54
6249,0
6250,97
6251,50
6252,46
6253,15
6254,30
6255,90
6256,87
6257,16
6258,25
6259,46
6260,93
6261,63
6262,43
6263,70
6264,77
6265,2
6266,90
6267,80
6268,25
6269,21
6270,51
6271,60
6272,87
6273,68
6274,78
6275,6
6276,5
6277,78
6278,10
6279,50
6280,26
6281,22
6282,85
6283,4
6284,68
6285,63
6286,20
6287,54
6288,28
6289,77
6290,73
6291,91
6292,59
6293,98
6294,50
6295,48
6296,56
6297,84
6298,37
6299,68
6300,58
6301,42
6302,54
6303,68
6304,78
6305,48
6306,79
6307,56
6308,70
6309,40
6310,79
6311,17
6312,73
6313,65
6314,54
6315,15
6316,51
6317,87
6318,63
6319,37
6320,3
6321,79
6322,31
6323,94
6324,13
6325,56
6326,84
6327,29
6328,79
6329,22
6330,57
6331,61
6332,50
6333,26
6334,85
6335,10
6336,37
6337,27
6338,21
6339,49
6340,83
6341,61
6342,80
6343,33
6344,53
6345,34
6346,12
6347,77
6348,74
6349,20
6350,67
6351,32
6352,81
6353,5
6354,94
6355,92
6356,48
6357,81
6358,89
6359,18
6360,93
6361,7
6362,3
6363,43
6364,81
6365,52
6366,6
6367,61
6368,77
6369,44
6370,8
6371,40
6372,9
6373,44
6374,51
6375,30
6376,86
6377,6
6378,22
6379,13
6380,98
6381,99
6382,39
6383,42
6384,98
6385,71
6386,23
6387,47
6388,63
6389,38
6390,73
6391,46
6392,84
6393,52
6394,12
6395,6
6396,57
6397,79
6398,35
6399,3
6400,23
6401,32
6402,66
6403,86
6404,79
6405,19
6406,29
6407,61
6408,13
6409,90
6410,60
6411,27
6412,52
6413,30
6414,7
6415,32
6416,32
6417,21
6418,68
6419,72
6420,77
6421,25
6422,52
6423,44
6424,58
6425,0
6426,90
6427,24
6428,26
6429,89
6430,86
6431,84
6432,73
6433,68
6434,38
6435,44
6436,34
6437,95
6438,15
6439,70
6440,66
6441,5
6442,36
6443,16
6444,19
6445,62
6446,26
6447,43
6448,78
6449,6
6450,13
6451,96
6452,74
6453,37
6454,19
6455,5
6456,11
6457,70
6458,0
6459,46
6460,47
6461,14
6462,2
6463,72
6464,64
6465,92
6466,15
6467,13
6468,51
6469,23
6470,66
6471,44
6472,75
6473,16
6474,47
6475,44
6476,0
6477,67
6478,33
6479,71
6480,97
6481,92
6482,58
6483,81
6484,85
6485,40
6486,57
6487,16
6488,10
6489,99
6490,34
6491,41
6492,83
6493,40
6494,4
6495,41
6496,13
6497,53
6498,81
6499,50
6500,13
6501,79
6502,93
6503,61
6504,7
6505,52
6506,0
6507,58
6508,1
6509,76
6510,68
6511,88
6512,92
6513,30
6514,25
6515,57
6516,41
6517,97
6518,78
6519,88
6520,70
6521,3
6522,2
6523,79
6524,45
6525,0
6526,29
6527,10
6528,47
6529,99
6530,26
6531,64
6532,79
6533,49
6534,84
6535,53
6536,76
6537,64
6538,95
6539,31
6540,43
6541,66
6542,38
6543,45
6544,82
6545,46
6546,68
6547,49
6548,20
6549,37
6550,59
6551,31
6552,38
6553,95
6554,58
6555,81
6556,1
6557,75
6558,83
6559,91
6560,36
6561,93
6562,54
6563,80
6564,52
6565,10
6566,59
6567,98
6568,13
6569,10
6570,63
6571,55
6572,64
6573,70
6574,95
6575,42
6576,92
6577,79
6578,5
6579,7
6580,29
6581,45
6582,26
6583,64
6584,53
6585,43
6586,38
6587,43
6588,59
6589,12
6590,4
6591,62
6592,14
6593,6
6594,25
6595,21
6596,29
6597,97
6598,81
6599,19
6600,39
6601,79
6602,12
6603,84
6604,30
6605,52
6606,11
6607,57
6608,75
6609,28
6610,81
6611,9
6612,8
6613,11
6614,59
6615,74
6616,32
6617,36
6618,58
6619,42
6620,45
6621,67
6622,54
6623,41
6624,99
6625,42
6626,12
6627,37
6628,92
6629,42
6630,75
6631,85
6632,1
6633,93
6634,95
6635,89
6636,0
6637,73
6638,0
6639,59
6640,93
6641,14
6642,80
6643,10
6644,90
6645,79
6646,40
6647,15
6648,50
6649,77
6650,2
6651,10
6652,20
6653,33
6654,11
6655,83
6656,13
6657,71
6658,13
6659,85
6660,37
6661,73
6662,23
6663,7
6664,99
6665,79
6666,41
6667,73
6668,59
6669,16
6670,67
6671,85
6672,26
6673,88
6674,68
6675,27
6676,76
6677,72
6678,2
6679,13
6680,54
6681,5
6682,58
6683,46
6684,1
6685,48
6686,27
6687,92
6688,40
6689,37
6690,44
6691,78
6692,36
6693,78
6694,70
6695,68
6696,81
6697,32
6698,84
6699,79
6700,71
6701,77
6702,50
6703,55
6704,85
6705,20
6706,93
6707,74
6708,96
6709,32
6710,77
6711,61
6712,91
6713,42
6714,23
6715,27
6716,43
6717,48
6718,19
6719,60
6720,89
6721,76
6722,17
6723,40
6724,14
6725,48
6726,12
6727,44
6728,61
6729,44
6730,87
6731,31
6732,42
6733,74
6734,43
6735,12
6736,33
6737,43
6738,3
6739,36
6740,67
6741,31
6742,49
6743,79
6744,65
6745,58
6746,64
6747,71
6748,20
6749,34
6750,22
6751,34
6752,11
6753,33
6754,5
6755,92
6756,74
6757,65
6758,79
6759,33
6760,95
6761,75
6762,24
6763,17
6764,8
6765,53
6766,38
6767,65
6768,36
6769,78
6770,92
6771,62
6772,30
6773,98
6774,21
6775,8
6776,93
6777,96
6778,77
6779,32
6780,25
6781,68
6782,19
6783,56
6784,74
6785,52
6786,65
6787,94
6788,29
6789,5
6790,41
6791,36
6792,44
6793,72
6794,79
6795,1
6796,88
6797,64
6798,23
6799,3
6800,61
6801,42
6802,68
6803,71
6804,96
6805,86
6806,45
6807,99
6808,54
6809,22
6810,26
6811,0
6812,44
6813,45
6814,32
6815,11
6816,77
6817,76
6818,19
6819,8
6820,81
6821,26
6822,74
6823,2
6824,24
6825,5
6826,99
6827,13
6828,14
6829,60
6830,95
6831,89
6832,52
6833,33
6834,74
6835,10
6836,93
6837,11
6838,83
6839,98
6840,28
6841,18
6842,89
6843,98
6844,3
6845,98
6846,76
6847,67
6848,79
6849,12
6850,76
6851,43
6852,82
6853,51
6854,84
6855,41
6856,99
6857,37
6858,1
6859,87
6860,94
6861,3
6862,47
6863,90
6864,67
6865,72
6866,11
6867,53
6868,8
6869,50
6870,20
6871,18
6872,54
6873,89
6874,64
6875,21
6876,35
6877,15
6878,13
6879,70
6880,31
6881,33
6882,37
6883,79
6884,49
6885,78
6886,75
6887,71
6888,24
6889,63
6890,80
6891,20
6892,4
6893,14
6894,28
6895,57
6896,33
6897,42
6898,15
6899,72
6900,56
6901,44
6902,48
6903,59
6904,33
6905,73
6906,85
6907,16
6908,52
6909,89
6910,11
6911,19
6912,17
6913,4
6914,64
6915,73
6916,2
6917,75
6918,4
6919,5
6920,90
6921,89
6922,7
6923,4
6924,63
6925,71
6926,21
6927,79
6928,19
6929,53
6930,26
6931,80
6932,94
6933,66
6934,88
6935,14
6936,41
6937,21
6938,28
6939,6
6940,69
6941,90
6942,27
6943,9
6944,94
6945,99
6946,28
6947,54
6948,56
6949,27
6950,78
6951,93
6952,12
6953,91
6954,60
6955,24
6956,6
6957,62
6958,52
6959,43
6960,73
6961,80
6962,81
6963,57
6964,5
6965,68
6966,60
6967,19
6968,30
6969,9
6970,19
6971,15
6972,79
6973,51
6974,54
6975,31
6976,23
6977,34
6978,29
6979,42
6980,4
6981,69
6982,99
6983,88
6984,12
6985,12
6986,49
6987,44
6988,23
6989,9
6990,44
6991,58
6992,87
6993,96
6994,31
6995,67
6996,65
6997,93
6998,5
6999,62
7000,71
7001,91
7002,47
7003,39
7004,9
7005,95
7006,3
7007,81
7008,23
7009,46
7010,11
7011,97
7012,69
7013,86
7014,8
7015,77
7016,44
7017,34
7018,3
7019,99
7020,33
7021,65
7022,18
7023,70
7024,69
7025,42
7026,3
7027,67
7028,78
7029,62
7030,66
7031,15
7032,20
7033,76
7034,12
7035,13
7036,69
7037,95
7038,40
7039,12
7040,9
7041,57
7042,4
7043,62
7044,81
7045,61
7046,86
7047,64
7048,5
7049,9
7050,72
7051,71
7052,83
7053,50
7054,83
7055,32
7056,83
7057,30
7058,46
7059,39
7060,17
7061,84
7062,54
7063,62
7064,89
7065,72
7066,69
7067,40
7068,29
7069,27
7070,17
7071,8
7072,10
7073,37
7074,50
7075,45
7076,71
7077,49
7078,10
7079,32
7080,80
7081,34
7082,29
7083,37
7084,56
7085,41
7086,41
7087,98
7088,76
7089,31
7090,95
7091,14
7092,33
7093,57
7094,85
7095,60
7096,68
7097,98
7098,82
7099,35
7100,38
7101,57
7102,22
7103,11
7104,83
7105,92
7106,20
7107,75
7108,84
7109,16
7110,70
7111,54
7112,89
7113,27
7114,17
7115,40
7116,8
7117,6
7118,93
7119,13
7120,60
7121,97
7122,21
7123,73
7124,78
7125,43
7126,90
7127,37
7128,58
7129,47
7130,23
7131,88
7132,97
7133,7
7134,75
7135,57
7136,30
7137,95
7138,51
7139,74
7140,32
7141,46
7142,98
7143,54
7144,92
7145,15
7146,38
7147,77
7148,96
7149,47
7150,56
7151,35
7152,72
7153,27
7154,39
7155,75
7156,20
7157,4
7158,7
7159,51
7160,23
7161,70
7162,32
7163,20
7164,11
7165,16
7166,46
7167,55
7168,45
7169,70
7170,95
7171,51
7172,37
7173,66
7174,11
7175,15
7176,68
7177,41
7178,90
7179,61
7180,79
7181,69
7182,15
7183,8
7184,92
7185,65
7186,23
7187,94
7188,15
7189,98
7190,48
7191,55
7192,23
7193,10
7194,41
7195,68
7196,16
7197,64
7198,38
7199,10
7200,63
7201,87
7202,42
7203,13
7204,35
7205,74
7206,64
7207,55
7208,10
7209,35
7210,25
7211,3
7212,75
7213,17
7214,8
7215,9
7216,14
7217,56
7218,62
7219,13
7220,18
7221,96
7222,55
7223,1
7224,26
7225,2
7226,60
7227,66
7228,34
7229,62
7230,93
7231,53
7232,44
7233,7
7234,51
7235,53
7236,40
7237,82
7238,55
7239,56
7240,42
7241,40
7242,9
7243,12
7244,96
7245,65
7246,50
7247,22
7248,43
7249,45
7250,43
7251,87
7252,2
7253,94
7254,45
7255,59
7256,15
7257,48
7258,36
7259,44
7260,11
7261,94
7262,99
7263,9
7264,76
7265,76
7266,49
7267,17
7268,90
7269,76
7270,99
7271,18
7272,73
7273,83
7274,89
7275,62
7276,40
7277,45
7278,27
7279,69
7280,87
7281,63
7282,46
7283,89
7284,7
7285,36
7286,22
7287,23
7288,90
7289,64
7290,49
7291,12
7292,12
7293,11
7294,95
7295,23
7296,15
7297,73
7298,79
7299,69
7300,33
7301,79
7302,90
7303,1
7304,0
7305,33
7306,29
7307,81
7308,46
7309,5
7310,93
7311,61
7312,36
7313,74
7314,55
7315,40
7316,34
7317,32
7318,97
7319,59
7320,19
7321,50
7322,62
7323,57
7324,31
7325,60
7326,75
7327,3
7328,22
7329,60
7330,63
7331,54
7332,36
7333,16
7334,68
7335,2
7336,10
7337,37
7338,13
7339,81
7340,91
7341,7
7342,86
7343,96
7344,75
7345,15
7346,30
7347,50
7348,25
7349,53
7350,49
7351,14
7352,28
7353,33
7354,26
7355,29
7356,30
7357,65
7358,29
7359,19
7360,45
7361,86
7362,16
7363,0
7364,99
7365,48
7366,20
7367,4
7368,49
7369,88
7370,70
7371,62
7372,69
7373,45
7374,41
7375,56
7376,47
7377,42
7378,97
7379,10
7380,20
7381,63
7382,22
7383,9
7384,86
7385,86
7386,40
7387,1
7388,54
7389,0
7390,97
7391,5
7392,6
7393,42
7394,75
7395,78
7396,86
7397,83
7398,57
7399,93
7400,22
7401,80
7402,31
7403,2
7404,45
7405,65
7406,54
7407,32
7408,95
7409,93
7410,79
7411,57
7412,99
7413,83
7414,1
7415,89
7416,16
7417,22
7418,79
7419,48
7420,32
7421,28
7422,29
7423,25
7424,96
7425,78
7426,41
7427,29
7428,52
7429,4
7430,46
7431,96
7432,47
7433,26
7434,39
7435,73
7436,8
7437,10
7438,68
7439,98
7440,46
7441,71
7442,85
7443,70
7444,2
7445,54
7446,58
7447,84
7448,53
7449,62
7450,34
7451,91
7452,69
7453,55
7454,75
7455,0
7456,95
7457,18
7458,73
7459,86
7460,90
7461,34
7462,55
7463,89
7464,43
7465,4
7466,58
7467,27
7468,56
7469,35
7470,73
7471,48
7472,68
7473,36
7474,1
7475,55
7476,98
7477,70
7478,70
7479,95
7480,86
7481,60
7482,53
7483,37
7484,88
7485,51
7486,7
7487,76
7488,29
7489,0
7490,5
7491,27
7492,41
7493,24
7494,17
7495,38
7496,58
7497,95
7498,78
7499,43
7500,18
7501,96
7502,49
7503,85
7504,54
7505,13
7506,11
7507,21
7508,89
7509,56
7510,36
7511,6
7512,92
7513,19
7514,4
7515,73
7516,10
7517,85
7518,42
7519,96
7520,15
7521,49
7522,47
7523,88
7524,84
7525,26
7526,31
7527,98
7528,55
7529,12
7530,47
7531,91
7532,99
7533,3
7534,31
7535,34
7536,67
7537,76
7538,38
7539,10
7540,70
7541,28
7542,37
7543,28
7544,0
7545,31
7546,58
7547,90
7548,7
7549,45
7550,27
7551,5
7552,19
7553,33
7554,63
7555,82
7556,64
7557,39
7558,77
7559,27
7560,6
7561,10
7562,19
7563,96
7564,80
7565,61
7566,12
7567,13
7568,44
7569,8
7570,72
7571,18
7572,5
7573,29
7574,49
7575,66
7576,82
7577,39
7578,60
7579,48
7580,26
7581,9
7582,84
7583,60
7584,0
7585,71
7586,80
7587,84
7588,24
7589,15
7590,39
7591,12
7592,84
7593,78
7594,13
7595,40
7596,49
7597,7
7598,76
7599,43
7600,36
7601,68
7602,16
7603,95
7604,30
7605,12
7606,19
7607,66
7608,20
7609,9
7610,14
7611,56
7612,16
7613,91
7614,69
7615,27
7616,58
7617,67
7618,42
7619,41
7620,77
7621,90
7622,54
7623,13
7624,13
7625,57
7626,54
7627,53
7628,88
7629,41
7630,38
7631,96
7632,76
7633,97
7634,29
7635,11
7636,98
7637,52
7638,49
7639,88
7640,27
7641,70
7642,33
7643,37
7644,96
7645,13
7646,14
7647,23
7648,4
7649,79
7650,86
7651,39
7652,51
7653,0
7654,1
7655,33
7656,46
7657,39
7658,95
7659,51
7660,41
7661,77
7662,2
7663,4
7664,80
7665,53
7666,7
7667,18
7668,88
7669,30
7670,88
7671,34
7672,79
7673,38
7674,51
7675,73
7676,81
7677,70
7678,93
7679,38
7680,83
7681,15
7682,37
7683,27
7684,40
7685,89
7686,97
7687,65
7688,23
7689,77
7690,38
7691,67
7692,36
7693,38
7694,20
7695,13
7696,2
7697,18
7698,82
7699,78
7700,75
7701,9
7702,46
7703,24
7704,25
7705,32
7706,6
7707,84
7708,62
7709,52
7710,47
7711,89
7712,43
7713,20
7714,80
7715,80
7716,98
7717,75
7718,39
7719,16
7720,26
7721,8
7722,48
7723,37
7724,36
7725,6
7726,12
7727,84
7728,64
7729,30
7730,94
7731,35
7732,28
7733,78
7734,91
7735,89
7736,48
7737,22
7738,18
7739,92
7740,96
7741,46
7742,85
7743,78
7744,64
7745,58
7746,28
7747,55
7748,5
7749,39
7750,52
7751,24
7752,51
7753,38
7754,67
7755,81
7756,38
7757,85
7758,46
7759,65
7760,81
7761,3
7762,70
7763,44
7764,44
7765,7
7766,94
7767,39
7768,76
7769,56
7770,79
7771,83
7772,74
7773,69
7774,46
7775,35
7776,95
7777,27
7778,53
7779,27
7780,70
7781,6
7782,67
7783,41
7784,27
7785,60
7786,39
7787,66
7788,78
7789,56
7790,68
7791,1
7792,74
7793,82
7794,39
7795,75
7796,80
7797,87
7798,90
7799,35
7800,41
7801,5
7802,28
7803,79
7804,3
7805,19
7806,68
7807,18
7808,60
7809,89
7810,0
7811,10
7812,22
7813,97
7814,89
7815,62
7816,34
7817,5
7818,37
7819,59
7820,73
7821,53
7822,99
7823,63
7824,63
7825,3
7826,85
7827,3
7828,50
7829,80
7830,73
7831,87
7832,2
7833,65
7834,0
7835,6
7836,99
7837,40
7838,34
7839,88
7840,62
7841,63
7842,41
7843,31
7844,22
7845,63
7846,31
7847,37
7848,19
7849,9
7850,69
7851,25
7852,25
7853,82
7854,16
7855,41
7856,5
7857,38
7858,56
7859,75
7860,27
7861,1
7862,71
7863,5
7864,78
7865,13
7866,3
7867,31
7868,52
7869,43
7870,32
7871,82
7872,27
7873,26
7874,74
7875,89
7876,54
7877,40
7878,57
7879,13
7880,64
7881,87
7882,7
7883,15
7884,2
7885,23
7886,6
7887,28
7888,16
7889,72
7890,44
7891,20
7892,86
7893,70
7894,2
7895,97
7896,90
7897,58
7898,14
7899,99
7900,51
7901,43
7902,26
7903,55
7904,89
7905,23
7906,51
7907,63
7908,56
7909,43
7910,49
7911,25
7912,84
7913,41
7914,51
7915,48
7916,20
7917,70
7918,76
7919,14
7920,73
7921,97
7922,25
7923,0
7924,32
7925,12
7926,47
7927,77
7928,29
7929,69
7930,59
7931,12
7932,99
7933,26
7934,67
7935,40
7936,66
7937,76
7938,8
7939,75
7940,52
7941,46
7942,32
7943,10
7944,60
7945,6
7946,38
7947,82
7948,15
7949,23
7950,96
7951,72
7952,29
7953,28
7954,99
7955,42
7956,3
7957,35
7958,84
7959,85
7960,57
7961,43
7962,57
7963,87
7964,84
7965,46
7966,67
7967,29
7968,92
7969,62
7970,19
7971,21
7972,1
7973,31
7974,0
7975,10
7976,96
7977,14
7978,70
7979,39
7980,54
7981,57
7982,18
7983,51
7984,54
7985,47
7986,36
7987,5
7988,15
7989,18
7990,25
7991,59
7992,94
7993,27
7994,0
7995,67
7996,58
7997,89
7998,78
7999,90
8000,91
8001,36
8002,26
8003,8
8004,69
8005,88
8006,71
8007,93
8008,44
8009,64
8010,26
8011,60
8012,20
8013,35
8014,69
8015,51
8016,69
8017,80
8018,43
8019,94
8020,93
8021,92
8022,73
8023,55
8024,91
8025,49
8026,34
8027,53
8028,94
8029,1
8030,10
8031,63
8032,80
8033,89
8034,56
8035,75
8036,81
8037,51
8038,7
8039,49
8040,50
8041,21
8042,17
8043,56
8044,85
8045,93
8046,19
8047,76
8048,30
8049,76
8050,10
8051,23
8052,39
8053,89
8054,12
8055,78
8056,82
8057,75
8058,57
8059,37
8060,40
8061,2
8062,1
8063,16
8064,96
8065,72
8066,64
8067,68
8068,70
8069,46
8070,77
8071,85
8072,92
8073,3
8074,75
8075,93
8076,38
8077,1
8078,66
8079,46
8080,96
8081,11
8082,97
8083,83
8084,88
8085,17
8086,64
8087,77
8088,59
8089,7
8090,89
8091,79
8092,53
8093,37
8094,89
8095,71
8096,3
8097,41
8098,65
8099,19
8100,71
8101,27
8102,80
8103,75
8104,29
8105,93
8106,63
8107,69
8108,5
8109,41
8110,59
8111,87
8112,6
8113,27
8114,28
8115,78
8116,20
8117,20
8118,30
8119,60
8120,86
8121,54
8122,58
8123,95
8124,73
8125,31
8126,49
8127,72
8128,27
8129,92
8130,53
8131,68
8132,98
8133,66
8134,21
8135,96
8136,56
8137,35
8138,93
8139,22
8140,15
8141,29
8142,43
8143,38
8144,80
8145,9
8146,5
8147,52
8148,83
8149,96
8150,95
8151,94
8152,4
8153,9
8154,5
8155,70
8156,40
8157,3
8158,26
8159,90
8160,55
8161,10
8162,19
8163,55
8164,71
8165,90
8166,7
8167,85
8168,24
8169,59
8170,91
8171,35
8172,17
8173,73
8174,83
8175,8
8176,88
8177,96
8178,34
8179,69
8180,62
8181,20
8182,51
8183,1
8184,17
8185,24
8186,25
8187,0
8188,33
8189,0
8190,66
8191,19
8192,36
8193,59
8194,57
8195,71
8196,53
8197,49
8198,56
8199,53
8200,66
8201,46
8202,2
8203,16
8204,5
8205,7
8206,89
8207,84
8208,90
8209,8
8210,81
8211,58
8212,62
8213,18
8214,22
8215,4
8216,50
8217,71
8218,32
8219,69
8220,57
8221,4
8222,31
8223,2
8224,50
8225,20
8226,58
8227,28
8228,21
8229,21
8230,84
8231,18
8232,74
8233,64
8234,3
8235,76
8236,42
8237,64
8238,34
8239,59
8240,18
8241,45
8242,79
8243,62
8244,50
8245,84
8246,56
8247,77
8248,8
8249,41
8250,57
8251,33
8252,43
8253,93
8254,35
8255,6
8256,15
8257,53
8258,22
8259,2
8260,18
8261,53
8262,29
8263,13
8264,27
8265,54
8266,73
8267,69
8268,49
8269,88
8270,35
8271,58
8272,0
8273,17
8274,69
8275,44
8276,61
8277,84
8278,36
8279,22
8280,97
8281,25
8282,95
8283,28
8284,91
8285,63
8286,6
8287,36
8288,41
8289,3
8290,89
8291,55
8292,87
8293,43
8294,85
8295,21
8296,51
8297,76
8298,5
8299,0
8300,0
8301,6
8302,20
8303,86
8304,10
8305,56
8306,23
8307,59
8308,79
8309,74
8310,43
8311,18
8312,16
8313,71
8314,19
8315,37
8316,41
8317,40
8318,44
8319,26
8320,44
8321,58
8322,77
8323,6
8324,18
8325,31
8326,76
8327,44
8328,72
8329,39
8330,80
8331,40
8332,9
8333,0
8334,46
8335,78
8336,79
8337,37
8338,70
8339,53
8340,12
8341,82
8342,28
8343,29
8344,32
8345,13
8346,14
8347,53
8348,16
8349,52
8350,42
8351,68
8352,21
8353,61
8354,68
8355,57
8356,85
8357,32
8358,61
8359,14
8360,83
8361,95
8362,2
8363,43
8364,76
8365,98
8366,96
8367,48
8368,68
8369,26
8370,79
8371,58
8372,4
8373,20
8374,69
8375,85
8376,55
8377,97
8378,96
8379,10
8380,29
8381,67
8382,21
8383,44
8384,21
8385,94
8386,33
8387,40
8388,95
8389,19
8390,23
8391,35
8392,64
8393,30
8394,65
8395,91
8396,88
8397,42
8398,19
8399,89
8400,91
8401,22
8402,99
8403,66
8404,63
8405,36
8406,46
8407,22
8408,93
8409,2
8410,14
8411,98
8412,48
8413,90
8414,21
8415,84
8416,53
8417,88
8418,88
8419,36
8420,3
8421,47
8422,9
8423,91
8424,78
8425,12
8426,99
8427,23
8428,56
8429,3
8430,83
8431,49
8432,84
8433,53
8434,5
8435,79
8436,77
8437,80
8438,75
8439,22
8440,16
8441,40
8442,49
8443,30
8444,7
8445,13
8446,94
8447,47
8448,25
8449,39
8450,49
8451,12
8452,80
8453,56
8454,58
8455,95
8456,3
8457,42
8458,99
8459,65
8460,4
8461,34
8462,63
8463,47
8464,29
8465,7
8466,71
8467,77
8468,99
8469,83
8470,50
8471,45
8472,77
8473,40
8474,16
8475,12
8476,76
8477,70
8478,82
8479,74
8480,82
8481,49
8482,89
8483,78
8484,29
8485,2
8486,27
8487,96
8488,5
8489,90
8490,19
8491,83
8492,92
8493,63
8494,48
8495,55
8496,35
8497,43
8498,19
8499,97
8500,89
8501,31
8502,24
8503,96
8504,39
8505,50
8506,35
8507,75
8508,9
8509,52
8510,84
8511,87
8512,3
8513,43
8514,13
8515,53
8516,31
8517,50
8518,12
8519,61
8520,92
8521,73
8522,77
8523,32
8524,98
8525,75
8526,52
8527,30
8528,47
8529,99
8530,47
8531,89
8532,86
8533,35
8534,28
8535,9
8536,74
8537,78
8538,91
8539,50
8540,43
8541,91
8542,50
8543,88
8544,38
8545,89
8546,85
8547,14
8548,31
8549,50
8550,30
8551,44
8552,14
8553,56
8554,90
8555,32
8556,61
8557,91
8558,41
8559,36
8560,9
8561,0
8562,13
8563,78
8564,0
8565,28
8566,71
8567,34
8568,37
8569,28
8570,92
8571,54
8572,27
8573,23
8574,95
8575,58
8576,16
8577,28
8578,27
8579,91
8580,1
8581,47
8582,52
8583,36
8584,3
8585,67
8586,21
8587,23
8588,87
8589,85
8590,59
8591,94
8592,14
8593,61
8594,7
8595,52
8596,77
8597,58
8598,75
8599,32
8600,72
8601,64
8602,70
8603,75
8604,79
8605,96
8606,67
8607,98
8608,22
8609,14
8610,81
8611,87
8612,1
8613,1
8614,20
8615,28
8616,22
8617,81
8618,23
8619,63
8620,59
8621,35
8622,15
8623,47
8624,6
8625,15
8626,24
8627,8
8628,65
8629,58
8630,63
8631,52
8632,48
8633,63
8634,80
8635,15
8636,12
8637,71
8638,83
8639,77
8640,61
8641,67
8642,53
8643,63
8644,38
8645,86
8646,89
8647,55
8648,11
8649,29
8650,72
8651,97
8652,38
8653,78
8654,9
8655,45
8656,37
8657,37
8658,9
8659,93
8660,30
8661,6
8662,32
8663,78
8664,97
8665,11
8666,3
8667,27
8668,87
8669,63
8670,8
8671,89
8672,23
8673,12
8674,79
8675,59
8676,62
8677,92
8678,7
8679,11
8680,47
8681,29
8682,74
8683,80
8684,7
8685,0
8686,24
8687,93
8688,77
8689,58
8690,94
8691,18
8692,88
8693,63
8694,61
8695,3
8696,45
8697,74
8698,55
8699,69
8700,69
8701,71
8702,68
8703,32
8704,73
8705,67
8706,95
8707,26
8708,44
8709,6
8710,53
8711,12
8712,26
8713,14
8714,71
8715,80
8716,80
8717,73
8718,58
8719,4
8720,81
8721,6
8722,8
8723,3
8724,72
8725,48
8726,88
8727,47
8728,55
8729,34
8730,34
8731,98
8732,90
8733,42
8734,15
8735,30
8736,95
8737,73
8738,96
8739,51
8740,59
8741,13
8742,15
8743,44
8744,15
8745,19
8746,29
8747,85
8748,56
8749,66
8750,95
8751,48
8752,61
8753,38
8754,17
8755,82
8756,58
8757,27
8758,1
8759,11
8760,52
8761,34
8762,6
8763,75
8764,2
8765,24
8766,78
8767,3
8768,8
8769,14
8770,39
8771,37
8772,78
8773,67
8774,2
8775,7
8776,96
8777,1
8778,18
8779,46
8780,17
8781,65
8782,22
8783,1
8784,54
8785,84
8786,23
8787,65
8788,6
8789,20
8790,51
8791,42
8792,74
8793,60
8794,9
8795,62
8796,26
8797,79
8798,22
8799,94
8800,73
8801,57
8802,9
8803,78
8804,77
8805,43
8806,4
8807,7
8808,87
8809,48
8810,53
8811,70
8812,85
8813,69
8814,88
8815,71
8816,79
8817,83
8818,26
8819,17
8820,8
8821,85
8822,95
8823,79
8824,41
8825,64
8826,3
8827,67
8828,87
8829,7
8830,90
8831,78
8832,53
8833,30
8834,72
8835,82
8836,19
8837,94
8838,62
8839,66
8840,63
8841,63
8842,3
8843,97
8844,62
8845,4
8846,3
8847,30
8848,37
8849,65
8850,66
8851,92
8852,25
8853,52
8854,42
8855,74
8856,47
8857,34
8858,39
8859,59
8860,93
8861,65
8862,68
8863,54
8864,18
8865,0
8866,86
8867,23
8868,8
8869,99
8870,94
8871,74
8872,87
8873,42
8874,39
8875,38
8876,78
8877,42
8878,92
8879,44
8880,82
8881,92
8882,51
8883,69
8884,17
8885,79
8886,70
8887,20
8888,74
8889,91
8890,75
8891,66
8892,28
8893,34
8894,9
8895,26
8896,49
8897,52
8898,97
8899,27
8900,75
8901,29
8902,49
8903,57
8904,16
8905,36
8906,90
8907,45
8908,71
8909,8
8910,21
8911,21
8912,55
8913,83
8914,80
8915,71
8916,25
8917,7
8918,23
8919,16
8920,91
8921,22
8922,15
8923,60
8924,30
8925,61
8926,97
8927,83
8928,17
8929,4
8930,3
8931,50
8932,66
8933,10
8934,74
8935,92
8936,94
8937,44
8938,30
8939,17
8940,11
8941,37
8942,87
8943,59
8944,40
8945,97
8946,87
8947,44
8948,31
8949,75
8950,2
8951,80
8952,53
8953,30
8954,50
8955,76
8956,3
8957,98
8958,30
8959,44
8960,33
8961,75
8962,70
8963,19
8964,94
8965,49
8966,10
8967,82
8968,6
8969,11
8970,16
8971,22
8972,55
8973,19
8974,76
8975,51
8976,58
8977,51
8978,12
8979,97
8980,71
8981,18
8982,6
8983,49
8984,62
8985,57
8986,89
8987,35
8988,34
8989,91
8990,71
8991,52
8992,73
8993,28
8994,47
8995,48
8996,66
8997,86
8998,57
8999,38
9000,38
9001,56
9002,30
9003,53
9004,83
9005,66
9006,36
9007,97
9008,51
9009,89
9010,46
9011,12
9012,72
9013,79
9014,72
9015,24
9016,24
9017,51
9018,84
9019,2
9020,64
9021,36
9022,23
9023,2
9024,49
9025,8
9026,60
9027,56
9028,88
9029,59
9030,10
9031,6
9032,7
9033,27
9034,18
9035,44
9036,98
9037,10
9038,1
9039,4
9040,17
9041,22
9042,63
9043,4
9044,28
9045,89
9046,19
9047,46
9048,60
9049,81
9050,39
9051,86
9052,85
9053,74
9054,90
9055,65
9056,28
9057,34
9058,53
9059,67
9060,35
9061,95
9062,93
9063,58
9064,13
9065,83
9066,49
9067,46
9068,5
9069,40
9070,27
9071,87
9072,68
9073,92
9074,11
9075,62
9076,8
9077,83
9078,5
9079,31
9080,85
9081,2
9082,80
9083,35
9084,37
9085,72
9086,59
9087,27
9088,85
9089,42
9090,39
9091,67
9092,51
9093,45
9094,63
9095,54
9096,36
9097,7
9098,75
9099,40
9100,36
9101,79
9102,13
9103,85
9104,44
9105,50
9106,36
9107,65
9108,44
9109,68
9110,61
9111,78
9112,0
9113,0
9114,80
9115,57
9116,58
9117,72
9118,65
9119,98
9120,0
9121,96
9122,59
9123,31
9124,91
9125,61
9126,0
9127,97
9128,58
9129,83
9130,26
9131,5
9132,16
9133,67
9134,69
9135,80
9136,5
9137,55
9138,82
9139,36
9140,59
9141,67
9142,97
9143,25
9144,31
9145,48
9146,20
9147,51
9148,66
9149,87
9150,25
9151,81
9152,27
9153,62
9154,72
9155,84
9156,75
9157,39
9158,50
9159,57
9160,59
9161,57
9162,27
9163,83
9164,63
9165,61
9166,7
9167,57
9168,41
9169,72
9170,94
9171,25
9172,40
9173,32
9174,42
9175,97
9176,61
9177,97
9178,20
9179,11
9180,74
9181,61
9182,46
9183,39
9184,78
9185,63
9186,87
9187,80
9188,21
9189,32
9190,18
9191,67
9192,86
9193,50
9194,22
9195,49
9196,42
9197,9
9198,56
9199,75
9200,52
9201,84
9202,16
9203,17
9204,58
9205,87
9206,90
9207,10
9208,72
9209,4
9210,6
9211,46
9212,8
9213,86
9214,39
9215,26
9216,69
9217,48
9218,4
9219,92
9220,75
9221,65
9222,69
9223,21
9224,51
9225,19
9226,35
9227,83
9228,0
9229,22
9230,74
9231,52
9232,43
9233,64
9234,41
9235,54
9236,94
9237,8
9238,82
9239,20
9240,96
9241,55
9242,95
9243,4
9244,85
9245,12
9246,79
9247,47
9248,72
9249,20
9250,81
9251,99
9252,65
9253,49
9254,91
9255,47
9256,85
9257,93
9258,33
9259,80
9260,93
9261,59
9262,96
9263,72
9264,67
9265,4
9266,65
9267,5
9268,30
9269,81
9270,71
9271,65
9272,70
9273,18
9274,3
9275,47
9276,70
9277,17
9278,4
9279,66
9280,79
9281,51
9282,22
9283,66
9284,69
9285,52
9286,23
9287,75
9288,83
9289,34
9290,10
9291,5
9292,48
9293,56
9294,9
9295,11
9296,17
9297,61
9298,1
9299,27
9300,18
9301,85
9302,15
9303,27
9304,8
9305,2
9306,6
9307,93
9308,99
9309,25
9310,82
9311,18
9312,36
9313,99
9314,65
9315,79
9316,22
9317,84
9318,42
9319,9
9320,26
9321,32
9322,22
9323,88
9324,4
9325,60
9326,42
9327,73
9328,18
9329,62
9330,61
9331,64
9332,2
9333,33
9334,95
9335,70
9336,62
9337,74
9338,26
9339,52
9340,41
9341,74
9342,22
9343,53
9344,12
9345,42
9346,36
9347,67
9348,13
9349,72
9350,93
9351,89
9352,50
9353,3
9354,46
9355,61
9356,71
9357,99
9358,65
9359,11
9360,49
9361,78
9362,79
9363,27
9364,1
9365,17
9366,26
9367,11
9368,5
9369,58
9370,68
9371,16
9372,47
9373,24
9374,11
9375,75
9376,41
9377,54
9378,0
9379,31
9380,83
9381,76
9382,61
9383,71
9384,40
9385,94
9386,32
9387,51
9388,79
9389,65
9390,57
9391,33
9392,92
9393,9
9394,87
9395,4
9396,81
9397,47
9398,17
9399,53
9400,47
9401,69
9402,18
9403,0
9404,72
9405,98
9406,4
9407,75
9408,98
9409,79
9410,20
9411,74
9412,11
9413,26
9414,67
9415,17
9416,47
9417,2
9418,40
9419,63
9420,75
9421,82
9422,97
9423,66
9424,10
9425,60
9426,95
9427,20
9428,56
9429,71
9430,82
9431,87
9432,68
9433,8
9434,77
9435,63
9436,13
9437,49
9438,26
9439,62
9440,84
9441,0
9442,82
9443,4
9444,14
9445,79
9446,85
9447,81
9448,25
9449,8
9450,68
9451,67
9452,80
9453,96
9454,11
9455,1
9456,65
9457,58
9458,1
9459,59
9460,11
9461,33
9462,8
9463,9
9464,86
9465,61
9466,70
9467,7
9468,86
9469,85
9470,9
9471,46
9472,10
9473,56
9474,97
9475,55
9476,20
9477,15
9478,99
9479,60
9480,61
9481,14
9482,20
9483,11
9484,90
9485,7
9486,45
9487,41
9488,13
9489,94
9490,28
9491,93
9492,44
9493,68
9494,9
9495,65
9496,69
9497,32
9498,73
9499,66
9500,95
9501,81
9502,55
9503,89
9504,36
9505,62
9506,71
9507,5
9508,2
9509,60
9510,33
9511,6
9512,57
9513,73
9514,50
9515,43
9516,98
9517,3
9518,87
9519,5
9520,63
9521,31
9522,42
9523,82
9524,87
9525,29
9526,64
9527,72
9528,87
9529,80
9530,14
9531,87
9532,49
9533,52
9534,55
9535,52
9536,93
9537,29
9538,45
9539,8
9540,70
9541,42
9542,67
9543,63
9544,16
9545,17
9546,56
9547,34
9548,87
9549,87
9550,71
9551,69
9552,88
9553,54
9554,68
9555,34
9556,84
9557,41
9558,20
9559,34
9560,89
9561,7
9562,49
9563,28
9564,21
9565,82
9566,62
9567,0
9568,75
9569,56
9570,27
9571,84
9572,67
9573,63
9574,8
9575,53
9576,49
9577,86
9578,61
9579,93
9580,99
9581,51
9582,20
9583,29
9584,27
9585,41
9586,66
9587,72
9588,0
9589,70
9590,61
9591,89
9592,61
9593,89
9594,99
9595,69
9596,86
9597,47
9598,21
9599,53
9600,18
9601,0
9602,34
9603,48
9604,65
9605,0
9606,50
9607,87
9608,51
9609,40
9610,61
9611,46
9612,96
9613,29
9614,35
9615,8
9616,70
9617,29
9618,88
9619,14
9620,2
9621,75
9622,55
9623,34
9624,56
9625,69
9626,17
9627,82
9628,4
9629,45
9630,89
9631,65
9632,23
9633,62
9634,50
9635,32
9636,88
9637,12
9638,45
9639,50
9640,22
9641,29
9642,50
9643,19
9644,24
9645,94
9646,36
9647,31
9648,8
9649,2
9650,9
9651,67
9652,51
9653,91
9654,54
9655,33
9656,2
9657,7
9658,59
9659,77
9660,75
9661,45
9662,78
9663,42
9664,12
9665,28
9666,96
9667,27
9668,68
9669,86
9670,14
9671,47
9672,84
9673,0
9674,94
9675,1
9676,61
9677,95
9678,93
9679,5
9680,33
9681,54
9682,29
9683,82
9684,80
9685,40
9686,29
9687,2
9688,95
9689,1
9690,60
9691,39
9692,70
9693,80
9694,3
9695,20
9696,21
9697,1
9698,42
9699,69
9700,12
9701,12
9702,25
9703,51
9704,22
9705,24
9706,87
9707,3
9708,90
9709,21
9710,97
9711,5
9712,26
9713,88
9714,59
9715,91
9716,66
9717,64
9718,35
9719,60
9720,40
9721,9
9722,79
9723,30
9724,69
9725,19
9726,0
9727,15
9728,8
9729,96
9730,79
9731,10
9732,84
9733,27
9734,66
9735,57
9736,60
9737,52
9738,52
9739,62
9740,37
9741,99
9742,53
9743,72
9744,99
9745,83
9746,24
9747,33
9748,2
9749,75
9750,33
9751,25
9752,55
9753,97
9754,62
9755,31
9756,92
9757,26
9758,2
9759,57
9760,9
9761,39
9762,52
9763,31
9764,89
9765,31
9766,24
9767,19
9768,3
9769,40
9770,74
9771,45
9772,77
9773,98
9774,26
9775,9
9776,18
9777,24
9778,82
9779,84
9780,93
9781,20
9782,62
9783,72
9784,2
9785,44
9786,46
9787,37
9788,70
9789,35
9790,3
9791,89
9792,15
9793,98
9794,54
9795,65
9796,48
9797,99
9798,16
9799,62
9800,69
9801,19
9802,67
9803,26
9804,32
9805,61
9806,79
9807,92
9808,35
9809,55
9810,92
9811,39
9812,73
9813,42
9814,6
9815,14
9816,21
9817,7
9818,98
9819,25
9820,9
9821,0
9822,10
9823,18
9824,67
9825,47
9826,45
9827,41
9828,61
9829,23
9830,67
9831,46
9832,74
9833,24
9834,12
9835,69
9836,35
9837,51
9838,20
9839,80
9840,86
9841,67
9842,95
9843,92
9844,42
9845,32
9846,79
9847,20
9848,92
9849,23
9850,64
9851,31
9852,15
9853,80
9854,52
9855,98
9856,30
9857,57
9858,82
9859,97
9860,94
9861,87
9862,50
9863,25
9864,41
9865,91
9866,29
9867,33
9868,86
9869,15
9870,61
9871,60
9872,5
9873,89
9874,8
9875,97
9876,98
9877,33
9878,35
9879,11
9880,16
9881,73
9882,50
9883,20
9884,24
9885,42
9886,35
9887,98
9888,24
9889,30
9890,38
9891,38
9892,71
9893,15
9894,27
9895,73
9896,65
9897,35
9898,81
9899,55
9900,88
9901,42
9902,24
9903,21
9904,74
9905,61
9906,68
9907,25
9908,39
9909,42
9910,27
9911,29
9912,82
9913,7
9914,79
9915,93
9916,18
9917,79
9918,48
9919,71
9920,56
9921,29
9922,84
9923,33
9924,17
9925,48
9926,7
9927,28
9928,39
9929,37
9930,58
9931,96
9932,95
9933,28
9934,82
9935,21
9936,16
9937,22
9938,77
9939,14
9940,0
9941,45
9942,17
9943,55
9944,47
9945,39
9946,83
9947,40
9948,22
9949,77
9950,3
9951,50
9952,12
9953,43
9954,3
9955,37
9956,91
9957,58
9958,60
9959,5
9960,7
9961,95
9962,72
9963,17
9964,77
9965,81
9966,7
9967,70
9968,81
9969,93
9970,86
9971,32
9972,78
9973,29
9974,40
9975,11
9976,11
9977,38
9978,40
9979,12
9980,90
9981,33
9982,99
9983,64
9984,35
9985,91
9986,97
9987,61
9988,51
9989,89
9990,37
9991,63
9992,16
9993,99
9994,57
9995,27
9996,26
9997,81
9998,62
9999,89
