image_id,coarse
0,11
1,3
2,14
3,8
4,5
5,7
6,16
7,4
8,0
9,9
10,1
11,19
12,13
13,0
14,12
15,13
16,15
17,7
18,6
19,9
20,13
21,10
22,7
23,2
24,14
25,15
26,6
27,14
28,7
29,16
30,12
31,12
32,7
33,11
34,13
35,15
36,2
37,0
38,18
39,15
40,7
41,3
42,0
43,18
44,10
45,12
46,19
47,14
48,10
49,5
50,7
51,17
52,11
53,19
54,7
55,7
56,9
57,12
58,14
59,5
60,4
61,11
62,7
63,18
64,9
65,19
66,3
67,16
68,9
69,3
70,10
71,9
72,2
73,0
74,10
75,8
76,10
77,18
78,15
79,18
80,12
81,14
82,15
83,18
84,9
85,7
86,13
87,7
88,5
89,0
90,10
91,16
92,10
93,4
94,15
95,2
96,17
97,6
98,12
99,8
100,16
101,13
102,2
103,17
104,16
105,16
106,13
107,0
108,2
109,10
110,9
111,5
112,0
113,16
114,17
115,16
116,11
117,0
118,7
119,4
120,5
121,17
122,0
123,13
124,1
125,6
126,11
127,11
128,14
129,15
130,14
131,13
132,7
133,3
134,15
135,17
136,14
137,4
138,9
139,5
140,13
141,5
142,3
143,10
144,4
145,4
146,11
147,5
148,2
149,9
150,6
151,17
152,13
153,5
154,19
155,6
156,4
157,5
158,12
159,10
160,7
161,14
162,6
163,12
164,14
165,19
166,1
167,15
168,0
169,14
170,0
171,10
172,17
173,14
174,13
175,7
176,0
177,11
178,6
179,3
180,4
181,1
182,2
183,8
184,15
185,16
186,16
187,18
188,12
189,8
190,7
191,15
192,4
193,6
194,15
195,2
196,7
197,6
198,3
199,11
200,16
201,13
202,14
203,19
204,11
205,10
206,15
207,9
208,11
209,7
210,6
211,14
212,3
213,11
214,10
215,12
216,9
217,7
218,2
219,7
220,12
221,8
222,6
223,15
224,11
225,13
226,4
227,4
228,2
229,12
230,0
231,9
232,4
233,4
234,13
235,6
236,16
237,17
238,11
239,14
240,16
241,6
242,9
243,8
244,13
245,13
246,2
247,17
248,8
249,18
250,2
251,2
252,5
253,11
254,6
255,16
256,18
257,17
258,12
259,14
260,4
261,3
262,1
263,13
264,11
265,12
266,16
267,0
268,5
269,7
270,17
271,7
272,16
273,4
274,10
275,9
276,8
277,19
278,14
279,19
280,14
281,17
282,14
283,6
284,11
285,5
286,7
287,0
288,2
289,0
290,3
291,12
292,9
293,7
294,1
295,5
296,19
297,5
298,6
299,8
300,19
301,17
302,17
303,9
304,13
305,12
306,11
307,7
308,13
309,12
310,6
311,12
312,6
313,14
314,7
315,12
316,13
317,14
318,16
319,12
320,0
321,13
322,7
323,1
324,8
325,7
326,1
327,17
328,18
329,0
330,17
331,9
332,2
333,8
334,2
335,6
336,0
337,11
338,10
339,12
340,19
341,9
342,1
343,14
344,15
345,6
346,12
347,17
348,5
349,10
350,17
351,17
352,8
353,17
354,10
355,12
356,0
357,16
358,11
359,17
360,12
361,16
362,18
363,9
364,2
365,2
366,6
367,16
368,6
369,17
370,7
371,15
372,5
373,1
374,14
375,14
376,4
377,4
378,18
379,7
380,11
381,18
382,18
383,11
384,6
385,8
386,17
387,2
388,9
389,19
390,16
391,19
392,18
393,11
394,11
395,16
396,9
397,16
398,15
399,4
400,19
401,5
402,17
403,6
404,11
405,16
406,2
407,15
408,0
409,12
410,8
411,0
412,17
413,1
414,17
415,17
416,15
417,10
418,16
419,19
420,8
421,16
422,2
423,11
424,8
425,13
426,10
427,7
428,17
429,5
430,6
431,5
432,16
433,0
434,1
435,6
436,6
437,1
438,3
439,2
440,4
441,0
442,15
443,1
444,2
445,12
446,15
447,13
448,17
449,7
450,13
451,5
452,17
453,18
454,14
455,13
456,14
457,16
458,6
459,10
460,15
461,10
462,7
463,5
464,17
465,2
466,16
467,16
468,4
469,19
470,1
471,16
472,13
473,4
474,12
475,4
476,16
477,5
478,3
479,9
480,6
481,6
482,10
483,7
484,6
485,19
486,14
487,6
488,5
489,0
490,1
491,18
492,7
493,11
494,3
495,17
496,9
497,10
498,17
499,1
500,13
501,1
502,11
503,9
504,6
505,8
506,1
507,12
508,19
509,11
510,8
511,7
512,13
513,9
514,17
515,19
516,15
517,18
518,17
519,0
520,19
521,14
522,14
523,0
524,14
525,6
526,16
527,9
528,9
529,15
530,19
531,10
532,3
533,5
534,12
535,1
536,17
537,9
538,7
539,19
540,10
541,9
542,6
543,5
544,18
545,3
546,15
547,16
548,6
549,11
550,13
551,7
552,10
553,16
554,4
555,15
556,4
557,6
558,12
559,7
560,12
561,11
562,4
563,16
564,18
565,0
566,16
567,17
568,9
569,11
570,12
571,4
572,1
573,4
574,2
575,13
576,7
577,1
578,15
579,10
580,15
581,7
582,0
583,16
584,1
585,18
586,9
587,0
588,2
589,6
590,1
591,16
592,12
593,2
594,3
595,1
596,2
597,4
598,12
599,2
600,18
601,9
602,4
603,0
604,7
605,11
606,12
607,16
608,7
609,9
610,12
611,14
612,8
613,7
614,0
615,6
616,16
617,6
618,12
619,10
620,18
621,18
622,4
623,6
624,12
625,13
626,18
627,18
628,6
629,3
630,13
631,1
632,8
633,2
634,19
635,6
636,6
637,12
638,15
639,4
640,3
641,12
642,11
643,11
644,16
645,14
646,12
647,17
648,14
649,13
650,16
651,13
652,16
653,12
654,8
655,10
656,19
657,17
658,8
659,12
660,16
661,14
662,12
663,10
664,11
665,15
666,10
667,11
668,0
669,0
670,6
671,14
672,13
673,14
674,14
675,9
676,2
677,6
678,8
679,11
680,15
681,6
682,4
683,13
684,3
685,0
686,12
687,17
688,15
689,11
690,10
691,8
692,8
693,15
694,3
695,1
696,19
697,9
698,9
699,14
700,13
701,14
702,12
703,6
704,14
705,5
706,7
707,2
708,13
709,18
710,11
711,2
712,19
713,3
714,8
715,7
716,2
717,16
718,9
719,1
720,10
721,3
722,9
723,10
724,12
725,10
726,3
727,7
728,9
729,10
730,1
731,8
732,4
733,5
734,7
735,6
736,8
737,11
738,16
739,16
740,3
741,13
742,1
743,2
744,5
745,9
746,4
747,4
748,13
749,8
750,13
751,19
752,3
753,10
754,15
755,0
756,6
757,0
758,16
759,5
760,18
761,13
762,4
763,11
764,0
765,13
766,6
767,4
768,14
769,6
770,14
771,1
772,17
773,12
774,13
775,8
776,5
777,10
778,16
779,17
780,2
781,8
782,12
783,12
784,3
785,14
786,14
787,16
788,0
789,11
790,3
791,17
792,1
793,0
794,19
795,3
796,13
797,10
798,10
799,18
800,11
801,8
802,14
803,9
804,10
805,14
806,19
807,3
808,13
809,19
810,17
811,12
812,1
813,12
814,3
815,10
816,12
817,9
818,4
819,9
820,5
821,11
822,1
823,4
824,18
825,19
826,17
827,19
828,4
829,14
830,10
831,1
832,15
833,13
834,10
835,12
836,8
837,18
838,15
839,6
840,7
841,13
842,12
843,18
844,4
845,14
846,13
847,3
848,12
849,8
850,11
851,10
852,7
853,14
854,2
855,13
856,15
857,10
858,9
859,4
860,4
861,7
862,17
863,14
864,14
865,10
866,15
867,14
868,1
869,3
870,2
871,2
872,0
873,14
874,9
875,19
876,1
877,16
878,14
879,17
880,2
881,15
882,2
883,8
884,4
885,2
886,8
887,4
888,15
889,4
890,17
891,1
892,7
893,12
894,19
895,4
896,4
897,2
898,16
899,7
900,6
901,10
902,17
903,17
904,17
905,16
906,13
907,8
908,2
909,6
910,0
911,14
912,17
913,8
914,15
915,5
916,0
917,7
918,2
919,5
920,4
921,12
922,3
923,7
924,0
925,9
926,16
927,14
928,0
929,7
930,17
931,18
932,17
933,15
934,12
935,10
936,15
937,11
938,15
939,19
940,6
941,16
942,18
943,1
944,8
945,10
946,14
947,15
948,0
949,9
950,2
951,0
952,19
953,3
954,11
955,10
956,12
957,2
958,4
959,15
960,6
961,0
962,4
963,4
964,2
965,5
966,8
967,6
968,10
969,13
970,19
971,18
972,16
973,0
974,13
975,6
976,5
977,3
978,14
979,5
980,13
981,11
982,16
983,9
984,3
985,8
986,19
987,8
988,17
989,15
990,16
991,7
992,6
993,18
994,2
995,9
996,6
997,3
998,17
999,0
1000,11
1001,0
1002,3
1003,12
1004,8
1005,13
1006,13
1007,12
1008,6
1009,18
1010,12
1011,5
1012,11
1013,15
1014,5
1015,2
1016,1
1017,8
1018,19
1019,17
1020,8
1021,17
1022,8
1023,17
1024,2
1025,14
1026,19
1027,13
1028,18
1029,8
1030,6
1031,8
1032,16
1033,3
1034,18
1035,6
1036,6
1037,3
1038,6
1039,16
1040,12
1041,5
1042,13
1043,18
1044,18
1045,5
1046,9
1047,9
1048,9
1049,18
1050,4
1051,6
1052,7
1053,19
1054,17
1055,13
1056,13
1057,0
1058,16
1059,13
1060,0
1061,13
1062,7
1063,11
1064,14
1065,6
1066,10
1067,3
1068,14
1069,7
1070,10
1071,14
1072,1
1073,3
1074,10
1075,9
1076,3
1077,3
1078,2
1079,10
1080,9
1081,4
1082,19
1083,9
1084,16
1085,0
1086,2
1087,14
1088,10
1089,19
1090,7
1091,1
1092,3
1093,2
1094,12
1095,6
1096,18
1097,15
1098,12
1099,0
1100,15
1101,11
1102,15
1103,9
1104,6
1105,9
1106,18
1107,8
1108,1
1109,10
1110,19
1111,4
1112,16
1113,3
1114,16
1115,15
1116,10
1117,17
1118,15
1119,4
1120,14
1121,18
1122,17
1123,10
1124,9
1125,13
1126,16
1127,18
1128,9
1129,2
1130,1
1131,14
1132,3
1133,17
1134,14
1135,15
1136,0
1137,19
1138,16
1139,8
1140,4
1141,14
1142,9
1143,15
1144,1
1145,11
1146,10
1147,8
1148,2
1149,18
1150,17
1151,9
1152,0
1153,17
1154,11
1155,10
1156,13
1157,13
1158,2
1159,1
1160,19
1161,1
1162,10
1163,9
1164,8
1165,12
1166,7
1167,2
1168,19
1169,9
1170,7
1171,15
1172,17
1173,16
1174,4
1175,2
1176,15
1177,14
1178,12
1179,1
1180,14
1181,18
1182,0
1183,16
1184,15
1185,17
1186,5
1187,15
1188,2
1189,0
1190,2
1191,8
1192,1
1193,6
1194,4
1195,8
1196,7
1197,13
1198,19
1199,6
1200,17
1201,9
1202,7
1203,18
1204,9
1205,5
1206,4
1207,11
1208,7
1209,6
1210,9
1211,3
1212,1
1213,9
1214,15
1215,17
1216,5
1217,4
1218,13
1219,8
1220,13
1221,18
1222,17
1223,12
1224,3
1225,4
1226,8
1227,2
1228,2
1229,10
1230,14
1231,8
1232,14
1233,9
1234,11
1235,14
1236,9
1237,14
1238,8
1239,9
1240,4
1241,11
1242,1
1243,5
1244,10
1245,2
1246,16
1247,18
1248,0
1249,2
1250,6
1251,1
1252,1
1253,9
1254,17
1255,13
1256,19
1257,16
1258,5
1259,5
1260,17
1261,7
1262,0
1263,10
1264,5
1265,17
1266,0
1267,17
1268,18
1269,12
1270,7
1271,0
1272,17
1273,8
1274,1
1275,14
1276,0
1277,11
1278,12
1279,2
1280,12
1281,0
1282,13
1283,13
1284,9
1285,13
1286,4
1287,5
1288,6
1289,12
1290,18
1291,3
1292,2
1293,9
1294,18
1295,10
1296,17
1297,9
1298,11
1299,12
1300,13
1301,19
1302,1
1303,7
1304,6
1305,8
1306,1
1307,7
1308,12
1309,5
1310,15
1311,6
1312,5
1313,9
1314,7
1315,17
1316,9
1317,19
1318,17
1319,16
1320,19
1321,9
1322,1
1323,12
1324,15
1325,6
1326,15
1327,10
1328,7
1329,10
1330,10
1331,11
1332,12
1333,2
1334,8
1335,0
1336,0
1337,6
1338,14
1339,16
1340,14
1341,15
1342,12
1343,1
1344,13
1345,15
1346,18
1347,15
1348,1
1349,5
1350,14
1351,7
1352,19
1353,2
1354,13
1355,0
1356,14
1357,19
1358,9
1359,14
1360,3
1361,11
1362,2
1363,4
1364,2
1365,17
1366,6
1367,18
1368,15
1369,4
1370,10
1371,7
1372,11
1373,4
1374,2
1375,7
1376,13
1377,13
1378,11
1379,17
1380,1
1381,7
1382,11
1383,4
1384,0
1385,7
1386,16
1387,4
1388,11
1389,15
1390,9
1391,3
1392,1
1393,16
1394,2
1395,0
1396,4
1397,5
1398,14
1399,16
1400,17
1401,4
1402,4
1403,7
1404,11
1405,0
1406,5
1407,1
1408,14
1409,14
1410,11
1411,7
1412,10
1413,12
1414,16
1415,1
1416,2
1417,0
1418,10
1419,18
1420,4
1421,8
1422,15
1423,14
1424,17
1425,17
1426,13
1427,11
1428,12
1429,14
1430,6
1431,5
1432,8
1433,7
1434,11
1435,16
1436,1
1437,18
1438,6
1439,16
1440,14
1441,15
1442,14
1443,11
1444,0
1445,8
1446,7
1447,2
1448,2
1449,11
1450,12
1451,13
1452,5
1453,9
1454,18
1455,11
1456,9
1457,7
1458,12
1459,16
1460,16
1461,13
1462,2
1463,11
1464,16
1465,12
1466,14
1467,8
1468,3
1469,18
1470,1
1471,1
1472,1
1473,1
1474,10
1475,14
1476,17
1477,4
1478,9
1479,12
1480,12
1481,5
1482,0
1483,12
1484,8
1485,8
1486,10
1487,19
1488,18
1489,7
1490,15
1491,12
1492,2
1493,0
1494,4
1495,8
1496,10
1497,5
1498,1
1499,8
1500,7
1501,15
1502,10
1503,18
1504,11
1505,5
1506,6
1507,5
1508,3
1509,17
1510,15
1511,18
1512,5
1513,6
1514,15
1515,3
1516,19
1517,13
1518,6
1519,17
1520,4
1521,10
1522,14
1523,1
1524,2
1525,12
1526,8
1527,11
1528,12
1529,18
1530,9
1531,6
1532,4
1533,4
1534,1
1535,11
1536,9
1537,2
1538,9
1539,2
1540,11
1541,13
1542,6
1543,7
1544,1
1545,1
1546,3
1547,13
1548,1
1549,1
1550,2
1551,6
1552,7
1553,6
1554,15
1555,5
1556,8
1557,15
1558,6
1559,14
1560,14
1561,0
1562,4
1563,19
1564,16
1565,5
1566,8
1567,1
1568,9
1569,4
1570,14
1571,9
1572,19
1573,16
1574,1
1575,4
1576,14
1577,5
1578,1
1579,17
1580,12
1581,2
1582,10
1583,17
1584,8
1585,11
1586,8
1587,8
1588,13
1589,16
1590,15
1591,0
1592,1
1593,6
1594,4
1595,5
1596,11
1597,16
1598,13
1599,18
1600,17
1601,11
1602,12
1603,14
1604,5
1605,9
1606,17
1607,11
1608,3
1609,2
1610,3
1611,7
1612,3
1613,13
1614,0
1615,9
1616,11
1617,1
1618,0
1619,3
1620,1
1621,19
1622,10
1623,19
1624,1
1625,15
1626,8
1627,17
1628,8
1629,10
1630,8
1631,9
1632,9
1633,5
1634,15
1635,3
1636,4
1637,8
1638,11
1639,19
1640,2
1641,10
1642,2
1643,3
1644,12
1645,15
1646,0
1647,1
1648,16
1649,7
1650,8
1651,9
1652,18
1653,13
1654,9
1655,11
1656,13
1657,4
1658,4
1659,16
1660,11
1661,10
1662,2
1663,17
1664,14
1665,14
1666,10
1667,17
1668,14
1669,0
1670,12
1671,12
1672,13
1673,10
1674,12
1675,19
1676,14
1677,8
1678,11
1679,9
1680,16
1681,1
1682,12
1683,19
1684,9
1685,12
1686,5
1687,9
1688,19
1689,9
1690,8
1691,0
1692,19
1693,14
1694,3
1695,7
1696,2
1697,16
1698,5
1699,1
1700,11
1701,1
1702,4
1703,7
1704,3
1705,4
1706,10
1707,0
1708,8
1709,5
1710,10
1711,18
1712,6
1713,5
1714,13
1715,10
1716,12
1717,5
1718,14
1719,12
1720,15
1721,4
1722,10
1723,13
1724,19
1725,6
1726,12
1727,2
1728,15
1729,4
1730,18
1731,4
1732,6
1733,17
1734,18
1735,11
1736,13
1737,15
1738,12
1739,14
1740,18
1741,13
1742,17
1743,7
1744,12
1745,17
1746,6
1747,4
1748,12
1749,3
1750,16
1751,3
1752,3
1753,14
1754,7
1755,11
1756,3
1757,4
1758,4
1759,5
1760,3
1761,4
1762,10
1763,13
1764,10
1765,11
1766,19
1767,16
1768,9
1769,10
1770,7
1771,6
1772,9
1773,10
1774,17
1775,14
1776,16
1777,1
1778,18
1779,6
1780,17
1781,9
1782,13
1783,6
1784,12
1785,1
1786,16
1787,4
1788,10
1789,16
1790,14
1791,2
1792,5
1793,1
1794,19
1795,11
1796,17
1797,3
1798,10
1799,18
1800,2
1801,16
1802,0
1803,10
1804,1
1805,13
1806,19
1807,8
1808,12
1809,18
1810,6
1811,8
1812,6
1813,12
1814,4
1815,9
1816,5
1817,13
1818,9
1819,11
1820,16
1821,18
1822,12
1823,19
1824,9
1825,7
1826,12
1827,16
1828,5
1829,5
1830,9
1831,14
1832,19
1833,0
1834,19
1835,4
1836,11
1837,19
1838,12
1839,17
1840,14
1841,5
1842,19
1843,0
1844,15
1845,3
1846,12
1847,11
1848,16
1849,14
1850,8
1851,11
1852,16
1853,18
1854,10
1855,18
1856,13
1857,12
1858,4
1859,4
1860,14
1861,7
1862,3
1863,4
1864,8
1865,4
1866,2
1867,6
1868,10
1869,9
1870,10
1871,15
1872,4
1873,0
1874,17
1875,9
1876,14
1877,2
1878,5
1879,8
1880,19
1881,3
1882,6
1883,11
1884,2
1885,15
1886,15
1887,15
1888,15
1889,15
1890,17
1891,6
1892,11
1893,16
1894,8
1895,14
1896,12
1897,1
1898,8
1899,12
1900,7
1901,12
1902,16
1903,9
1904,14
1905,1
1906,3
1907,5
1908,13
1909,15
1910,11
1911,3
1912,7
1913,10
1914,13
1915,16
1916,9
1917,9
1918,17
1919,8
1920,7
1921,12
1922,2
1923,15
1924,3
1925,0
1926,8
1927,8
1928,11
1929,14
1930,7
1931,6
1932,4
1933,19
1934,6
1935,13
1936,3
1937,14
1938,3
1939,17
1940,19
1941,3
1942,6
1943,4
1944,0
1945,2
1946,13
1947,12
1948,11
1949,14
1950,12
1951,5
1952,2
1953,8
1954,3
1955,6
1956,17
1957,19
1958,4
1959,14
1960,19
1961,15
1962,16
1963,6
1964,4
1965,12
1966,13
1967,18
1968,11
1969,15
1970,8
1971,18
1972,9
1973,19
1974,17
1975,4
1976,14
1977,10
1978,9
1979,2
1980,5
1981,12
1982,6
1983,18
1984,7
1985,1
1986,3
1987,4
1988,19
1989,3
1990,0
1991,14
1992,10
1993,12
1994,8
1995,1
1996,0
1997,16
1998,0
1999,12
2000,19
2001,9
2002,16
2003,3
2004,17
2005,10
2006,6
2007,19
2008,2
2009,4
2010,17
2011,14
2012,2
2013,0
2014,17
2015,4
2016,17
2017,12
2018,9
2019,6
2020,14
2021,2
2022,4
2023,2
2024,16
2025,19
2026,16
2027,3
2028,18
2029,4
2030,4
2031,12
2032,8
2033,8
2034,5
2035,14
2036,14
2037,15
2038,12
2039,6
2040,14
2041,6
2042,5
2043,13
2044,14
2045,12
2046,5
2047,17
2048,19
2049,0
2050,0
2051,5
2052,3
2053,9
2054,1
2055,1
2056,18
2057,16
2058,7
2059,19
2060,12
2061,19
2062,9
2063,6
2064,18
2065,14
2066,14
2067,5
2068,2
2069,12
2070,7
2071,19
2072,10
2073,4
2074,3
2075,10
2076,9
2077,12
2078,17
2079,15
2080,19
2081,16
2082,7
2083,6
2084,6
2085,14
2086,19
2087,11
2088,12
2089,9
2090,15
2091,15
2092,16
2093,19
2094,15
2095,4
2096,5
2097,19
2098,19
2099,15
2100,13
2101,19
2102,6
2103,1
2104,6
2105,1
2106,3
2107,12
2108,15
2109,4
2110,5
2111,17
2112,11
2113,10
2114,2
2115,18
2116,4
2117,17
2118,6
2119,7
2120,17
2121,3
2122,8
2123,4
2124,2
2125,15
2126,11
2127,14
2128,10
2129,9
2130,8
2131,8
2132,2
2133,6
2134,11
2135,11
2136,12
2137,16
2138,17
2139,4
2140,16
2141,8
2142,18
2143,1
2144,15
2145,1
2146,8
2147,8
2148,11
2149,14
2150,5
2151,10
2152,15
2153,11
2154,1
2155,5
2156,5
2157,7
2158,3
2159,6
2160,10
2161,14
2162,10
2163,3
2164,3
2165,16
2166,19
2167,7
2168,11
2169,5
2170,18
2171,18
2172,1
2173,13
2174,0
2175,5
2176,3
2177,9
2178,9
2179,13
2180,1
2181,18
2182,16
2183,8
2184,19
2185,15
2186,5
2187,1
2188,19
2189,2
2190,13
2191,14
2192,11
2193,8
2194,6
2195,8
2196,8
2197,9
2198,18
2199,13
2200,8
2201,13
2202,0
2203,10
2204,8
2205,14
2206,0
2207,11
2208,1
2209,11
2210,7
2211,8
2212,10
2213,13
2214,9
2215,4
2216,13
2217,16
2218,1
2219,18
2220,16
2221,16
2222,6
2223,0
2224,6
2225,12
2226,7
2227,6
2228,13
2229,1
2230,2
2231,18
2232,8
2233,19
2234,11
2235,3
2236,6
2237,6
2238,0
2239,12
2240,12
2241,16
2242,16
2243,5
2244,10
2245,19
2246,16
2247,3
2248,13
2249,18
2250,11
2251,11
2252,18
2253,18
2254,7
2255,7
2256,0
2257,8
2258,8
2259,19
2260,15
2261,10
2262,16
2263,1
2264,19
2265,2
2266,16
2267,8
2268,2
2269,5
2270,13
2271,18
2272,14
2273,1
2274,4
2275,8
2276,8
2277,10
2278,15
2279,9
2280,17
2281,0
2282,3
2283,3
2284,8
2285,16
2286,19
2287,15
2288,10
2289,11
2290,4
2291,19
2292,1
2293,13
2294,5
2295,1
2296,12
2297,5
2298,16
2299,5
2300,7
2301,12
2302,11
2303,0
2304,3
2305,14
2306,10
2307,5
2308,10
2309,7
2310,11
2311,4
2312,0
2313,19
2314,12
2315,10
2316,9
2317,14
2318,13
2319,1
2320,18
2321,15
2322,10
2323,0
2324,8
2325,8
2326,0
2327,9
2328,18
2329,5
2330,7
2331,9
2332,11
2333,15
2334,2
2335,1
2336,7
2337,16
2338,3
2339,18
2340,10
2341,4
2342,5
2343,17
2344,16
2345,9
2346,8
2347,14
2348,0
2349,3
2350,7
2351,8
2352,3
2353,0
2354,15
2355,16
2356,17
2357,0
2358,17
2359,7
2360,9
2361,10
2362,15
2363,0
2364,6
2365,15
2366,7
2367,10
2368,17
2369,7
2370,16
2371,7
2372,19
2373,12
2374,0
2375,0
2376,2
2377,2
2378,17
2379,1
2380,12
2381,8
2382,15
2383,18
2384,2
2385,5
2386,13
2387,18
2388,15
2389,10
2390,3
2391,18
2392,10
2393,16
2394,4
2395,6
2396,4
2397,2
2398,0
2399,16
2400,7
2401,3
2402,6
2403,8
2404,13
2405,17
2406,6
2407,16
2408,2
2409,13
2410,15
2411,5
2412,2
2413,11
2414,10
2415,7
2416,18
2417,17
2418,2
2419,2
2420,9
2421,8
2422,19
2423,2
2424,19
2425,10
2426,5
2427,14
2428,11
2429,7
2430,18
2431,11
2432,18
2433,9
2434,17
2435,8
2436,13
2437,12
2438,10
2439,16
2440,15
2441,15
2442,7
2443,19
2444,18
2445,2
2446,11
2447,17
2448,18
2449,11
2450,18
2451,18
2452,14
2453,15
2454,6
2455,8
2456,3
2457,3
2458,3
2459,18
2460,9
2461,0
2462,6
2463,19
2464,6
2465,5
2466,4
2467,12
2468,2
2469,8
2470,10
2471,13
2472,1
2473,0
2474,12
2475,5
2476,10
2477,0
2478,19
2479,12
2480,4
2481,10
2482,5
2483,15
2484,12
2485,12
2486,4
2487,17
2488,19
2489,9
2490,3
2491,8
2492,15
2493,15
2494,2
2495,15
2496,19
2497,2
2498,4
2499,13
2500,16
2501,9
2502,17
2503,17
2504,15
2505,1
2506,4
2507,11
2508,7
2509,10
2510,0
2511,17
2512,18
2513,19
2514,6
2515,19
2516,9
2517,10
2518,19
2519,14
2520,16
2521,6
2522,19
2523,5
2524,16
2525,0
2526,13
2527,4
2528,12
2529,16
2530,6
2531,12
2532,9
2533,2
2534,1
2535,7
2536,19
2537,16
2538,6
2539,8
2540,13
2541,6
2542,3
2543,5
2544,16
2545,12
2546,7
2547,7
2548,6
2549,9
2550,14
2551,11
2552,5
2553,11
2554,16
2555,19
2556,15
2557,11
2558,2
2559,9
2560,19
2561,18
2562,12
2563,3
2564,5
2565,6
2566,16
2567,8
2568,12
2569,11
2570,14
2571,10
2572,10
2573,15
2574,2
2575,17
2576,8
2577,19
2578,0
2579,7
2580,6
2581,4
2582,0
2583,1
2584,7
2585,7
2586,18
2587,6
2588,13
2589,10
2590,0
2591,4
2592,10
2593,8
2594,11
2595,15
2596,11
2597,15
2598,3
2599,11
2600,14
2601,2
2602,8
2603,16
2604,11
2605,13
2606,19
2607,9
2608,4
2609,8
2610,19
2611,15
2612,0
2613,19
2614,18
2615,19
2616,1
2617,19
2618,15
2619,16
2620,16
2621,8
2622,18
2623,1
2624,13
2625,19
2626,3
2627,0
2628,3
2629,9
2630,12
2631,18
2632,19
2633,7
2634,6
2635,8
2636,5
2637,12
2638,15
2639,15
2640,12
2641,5
2642,4
2643,15
2644,17
2645,16
2646,0
2647,6
2648,5
2649,7
2650,12
2651,16
2652,1
2653,13
2654,10
2655,15
2656,11
2657,4
2658,1
2659,19
2660,5
2661,19
2662,11
2663,12
2664,19
2665,4
2666,10
2667,17
2668,14
2669,17
2670,13
2671,15
2672,14
2673,7
2674,17
2675,2
2676,6
2677,4
2678,9
2679,11
2680,9
2681,13
2682,6
2683,0
2684,14
2685,11
2686,13
2687,12
2688,3
2689,11
2690,3
2691,12
2692,5
2693,5
2694,17
2695,13
2696,3
2697,10
2698,13
2699,19
2700,9
2701,18
2702,12
2703,1
2704,9
2705,18
2706,19
2707,14
2708,15
2709,5
2710,9
2711,14
2712,14
2713,7
2714,7
2715,9
2716,14
2717,11
2718,18
2719,7
2720,15
2721,12
2722,6
2723,4
2724,18
2725,5
2726,6
2727,18
2728,5
2729,2
2730,19
2731,15
2732,0
2733,4
2734,12
2735,2
2736,3
2737,3
2738,12
2739,13
2740,4
2741,5
2742,1
2743,1
2744,16
2745,5
2746,2
2747,16
2748,16
2749,5
2750,5
2751,16
2752,2
2753,13
2754,19
2755,3
2756,11
2757,6
2758,7
2759,5
2760,4
2761,2
2762,17
2763,11
2764,2
2765,3
2766,11
2767,14
2768,9
2769,11
2770,11
2771,17
2772,7
2773,3
2774,2
2775,15
2776,10
2777,16
2778,11
2779,19
2780,15
2781,12
2782,15
2783,9
2784,18
2785,19
2786,6
2787,1
2788,6
2789,15
2790,0
2791,14
2792,3
2793,6
2794,3
2795,17
2796,8
2797,7
2798,14
2799,14
2800,2
2801,1
2802,10
2803,1
2804,9
2805,10
2806,14
2807,6
2808,9
2809,6
2810,17
2811,17
2812,11
2813,8
2814,14
2815,18
2816,13
2817,9
2818,8
2819,0
2820,14
2821,19
2822,11
2823,6
2824,16
2825,2
2826,15
2827,4
2828,14
2829,11
2830,15
2831,3
2832,14
2833,7
2834,7
2835,6
2836,13
2837,9
2838,19
2839,14
2840,13
2841,13
2842,13
2843,14
2844,10
2845,19
2846,12
2847,10
2848,2
2849,6
2850,6
2851,18
2852,18
2853,17
2854,18
2855,4
2856,18
2857,7
2858,16
2859,3
2860,18
2861,13
2862,13
2863,10
2864,12
2865,6
2866,7
2867,14
2868,10
2869,1
2870,9
2871,18
2872,18
2873,17
2874,0
2875,16
2876,10
2877,10
2878,11
2879,15
2880,3
2881,7
2882,14
2883,10
2884,4
2885,0
2886,8
2887,11
2888,17
2889,8
2890,18
2891,13
2892,11
2893,12
2894,15
2895,7
2896,13
2897,7
2898,9
2899,14
2900,5
2901,17
2902,18
2903,10
2904,6
2905,18
2906,2
2907,1
2908,4
2909,5
2910,11
2911,0
2912,12
2913,17
2914,19
2915,6
2916,0
2917,18
2918,16
2919,6
2920,11
2921,4
2922,3
2923,13
2924,17
2925,1
2926,3
2927,3
2928,13
2929,15
2930,12
2931,5
2932,5
2933,2
2934,11
2935,16
2936,3
2937,0
2938,18
2939,10
2940,3
2941,8
2942,6
2943,18
2944,4
2945,5
2946,6
2947,8
2948,18
2949,14
2950,11
2951,14
2952,9
2953,7
2954,2
2955,11
2956,3
2957,17
2958,11
2959,15
2960,3
2961,6
2962,0
2963,13
2964,16
2965,3
2966,11
2967,1
2968,15
2969,2
2970,14
2971,6
2972,12
2973,18
2974,3
2975,10
2976,7
2977,0
2978,17
2979,7
2980,9
2981,10
2982,3
2983,6
2984,1
2985,8
2986,9
2987,16
2988,13
2989,6
2990,3
2991,9
2992,3
2993,3
2994,12
2995,2
2996,8
2997,11
2998,15
2999,16
3000,15
3001,12
3002,0
3003,8
3004,8
3005,3
3006,11
3007,16
3008,12
3009,11
3010,9
3011,18
3012,18
3013,2
3014,10
3015,9
3016,19
3017,4
3018,18
3019,9
3020,1
3021,14
3022,19
3023,12
3024,13
3025,2
3026,2
3027,13
3028,2
3029,3
3030,13
3031,6
3032,7
3033,2
3034,13
3035,19
3036,19
3037,19
3038,14
3039,15
3040,9
3041,0
3042,15
3043,14
3044,19
3045,11
3046,10
3047,13
3048,1
3049,15
3050,4
3051,16
3052,13
3053,15
3054,2
3055,10
3056,8
3057,13
3058,6
3059,5
3060,0
3061,5
3062,12
3063,9
3064,10
3065,10
3066,16
3067,10
3068,19
3069,19
3070,4
3071,12
3072,2
3073,15
3074,6
3075,19
3076,16
3077,2
3078,10
3079,10
3080,7
3081,11
3082,17
3083,5
3084,7
3085,15
3086,8
3087,11
3088,14
3089,16
3090,3
3091,18
3092,12
3093,15
3094,0
3095,7
3096,16
3097,0
3098,19
3099,7
3100,3
3101,0
3102,15
3103,17
3104,1
3105,19
3106,19
3107,13
3108,12
3109,11
3110,0
3111,19
3112,2
3113,8
3114,0
3115,11
3116,11
3117,7
3118,11
3119,19
3120,19
3121,7
3122,13
3123,4
3124,15
3125,2
3126,18
3127,14
3128,10
3129,9
3130,12
3131,1
3132,16
3133,16
3134,3
3135,3
3136,2
3137,14
3138,15
3139,18
3140,4
3141,3
3142,11
3143,12
3144,14
3145,15
3146,6
3147,1
3148,10
3149,14
3150,9
3151,15
3152,3
3153,4
3154,10
3155,5
3156,6
3157,13
3158,13
3159,18
3160,6
3161,13
3162,8
3163,8
3164,16
3165,18
3166,8
3167,6
3168,16
3169,5
3170,15
3171,16
3172,12
3173,10
3174,7
3175,4
3176,11
3177,6
3178,2
3179,14
3180,12
3181,2
3182,15
3183,4
3184,0
3185,15
3186,1
3187,7
3188,8
3189,17
3190,4
3191,7
3192,9
3193,2
3194,0
3195,0
3196,7
3197,14
3198,9
3199,17
3200,9
3201,18
3202,14
3203,3
3204,2
3205,2
3206,18
3207,7
3208,13
3209,18
3210,12
3211,6
3212,18
3213,16
3214,7
3215,15
3216,7
3217,16
3218,11
3219,2
3220,19
3221,14
3222,4
3223,8
3224,6
3225,12
3226,12
3227,0
3228,10
3229,10
3230,11
3231,18
3232,16
3233,8
3234,3
3235,10
3236,5
3237,0
3238,10
3239,4
3240,8
3241,6
3242,10
3243,18
3244,15
3245,18
3246,1
3247,2
3248,1
3249,1
3250,0
3251,15
3252,17
3253,1
3254,18
3255,11
3256,14
3257,19
3258,1
3259,7
3260,5
3261,18
3262,18
3263,12
3264,18
3265,1
3266,11
3267,19
3268,4
3269,4
3270,18
3271,12
3272,15
3273,6
3274,0
3275,7
3276,18
3277,6
3278,8
3279,3
3280,1
3281,13
3282,4
3283,1
3284,2
3285,17
3286,3
3287,3
3288,11
3289,9
3290,14
3291,14
3292,5
3293,15
3294,18
3295,17
3296,6
3297,14
3298,11
3299,18
3300,6
3301,17
3302,4
3303,5
3304,2
3305,8
3306,8
3307,14
3308,6
3309,7
3310,3
3311,1
3312,0
3313,5
3314,9
3315,10
3316,8
3317,12
3318,0
3319,9
3320,3
3321,19
3322,7
3323,6
3324,19
3325,18
3326,9
3327,14
3328,1
3329,2
3330,3
3331,17
3332,9
3333,4
3334,13
3335,10
3336,10
3337,15
3338,8
3339,2
3340,13
3341,14
3342,5
3343,7
3344,1
3345,6
3346,8
3347,3
3348,5
3349,8
3350,18
3351,5
3352,16
3353,7
3354,5
3355,17
3356,2
3357,1
3358,9
3359,13
3360,2
3361,4
3362,2
3363,12
3364,0
3365,9
3366,9
3367,13
3368,9
3369,5
3370,13
3371,3
3372,5
3373,13
3374,12
3375,14
3376,3
3377,2
3378,14
3379,18
3380,5
3381,19
3382,14
3383,11
3384,11
3385,8
3386,19
3387,8
3388,5
3389,2
3390,11
3391,5
3392,13
3393,9
3394,13
3395,0
3396,10
3397,6
3398,4
3399,5
3400,1
3401,12
3402,4
3403,8
3404,8
3405,14
3406,5
3407,14
3408,6
3409,4
3410,1
3411,13
3412,18
3413,5
3414,9
3415,1
3416,3
3417,2
3418,8
3419,13
3420,14
3421,13
3422,7
3423,9
3424,3
3425,7
3426,5
3427,7
3428,11
3429,1
3430,6
3431,11
3432,3
3433,15
3434,10
3435,11
3436,1
3437,16
3438,18
3439,0
3440,9
3441,19
3442,17
3443,11
3444,5
3445,18
3446,10
3447,0
3448,5
3449,17
3450,6
3451,5
3452,11
3453,1
3454,18
3455,15
3456,18
3457,15
3458,13
3459,3
3460,2
3461,11
3462,15
3463,8
3464,8
3465,12
3466,16
3467,2
3468,10
3469,11
3470,11
3471,3
3472,14
3473,10
3474,9
3475,17
3476,3
3477,15
3478,8
3479,2
3480,4
3481,5
3482,12
3483,17
3484,10
3485,5
3486,19
3487,10
3488,15
3489,15
3490,4
3491,3
3492,2
3493,0
3494,19
3495,17
3496,14
3497,11
3498,15
3499,6
3500,1
3501,5
3502,16
3503,0
3504,1
3505,10
3506,2
3507,14
3508,3
3509,8
3510,1
3511,8
3512,9
3513,10
3514,17
3515,18
3516,17
3517,16
3518,14
3519,9
3520,15
3521,6
3522,3
3523,11
3524,4
3525,5
3526,14
3527,18
3528,15
3529,17
3530,14
3531,14
3532,7
3533,15
3534,0
3535,4
3536,6
3537,0
3538,2
3539,1
3540,3
3541,13
3542,18
3543,4
3544,13
3545,18
3546,8
3547,18
3548,19
3549,6
3550,15
3551,11
3552,9
3553,16
3554,5
3555,6
3556,13
3557,5
3558,4
3559,13
3560,17
3561,7
3562,11
3563,9
3564,12
3565,3
3566,11
3567,14
3568,11
3569,0
3570,0
3571,3
3572,1
3573,15
3574,4
3575,2
3576,2
3577,1
3578,19
3579,5
3580,1
3581,7
3582,17
3583,9
3584,16
3585,5
3586,19
3587,4
3588,14
3589,3
3590,2
3591,16
3592,3
3593,0
3594,10
3595,3
3596,17
3597,10
3598,18
3599,11
3600,4
3601,1
3602,5
3603,16
3604,17
3605,13
3606,9
3607,15
3608,12
3609,18
3610,18
3611,9
3612,6
3613,3
3614,16
3615,19
3616,4
3617,5
3618,19
3619,15
3620,19
3621,18
3622,11
3623,3
3624,16
3625,9
3626,15
3627,10
3628,10
3629,5
3630,18
3631,17
3632,11
3633,19
3634,14
3635,18
3636,4
3637,10
3638,18
3639,13
3640,1
3641,16
3642,17
3643,3
3644,9
3645,6
3646,7
3647,1
3648,2
3649,10
3650,15
3651,10
3652,16
3653,3
3654,5
3655,13
3656,2
3657,1
3658,14
3659,14
3660,17
3661,16
3662,12
3663,10
3664,10
3665,0
3666,10
3667,2
3668,12
3669,1
3670,9
3671,3
3672,18
3673,4
3674,19
3675,2
3676,1
3677,2
3678,9
3679,16
3680,14
3681,12
3682,6
3683,6
3684,12
3685,16
3686,1
3687,6
3688,19
3689,19
3690,16
3691,7
3692,0
3693,7
3694,9
3695,7
3696,4
3697,17
3698,7
3699,6
3700,17
3701,2
3702,9
3703,9
3704,8
3705,16
3706,7
3707,9
3708,15
3709,10
3710,12
3711,7
3712,6
3713,5
3714,4
3715,10
3716,3
3717,9
3718,19
3719,3
3720,17
3721,12
3722,17
3723,6
3724,10
3725,7
3726,15
3727,12
3728,14
3729,0
3730,6
3731,3
3732,4
3733,6
3734,18
3735,10
3736,16
3737,5
3738,0
3739,0
3740,14
3741,3
3742,1
3743,9
3744,17
3745,0
3746,18
3747,2
3748,5
3749,19
3750,1
3751,7
3752,3
3753,1
3754,16
3755,13
3756,6
3757,18
3758,13
3759,13
3760,14
3761,2
3762,14
3763,1
3764,1
3765,5
3766,10
3767,3
3768,0
3769,9
3770,1
3771,3
3772,11
3773,17
3774,9
3775,3
3776,15
3777,9
3778,7
3779,8
3780,7
3781,2
3782,19
3783,19
3784,18
3785,5
3786,3
3787,7
3788,17
3789,15
3790,0
3791,11
3792,8
3793,3
3794,1
3795,3
3796,5
3797,7
3798,2
3799,3
3800,4
3801,8
3802,4
3803,18
3804,11
3805,13
3806,1
3807,10
3808,0
3809,1
3810,10
3811,16
3812,1
3813,0
3814,5
3815,3
3816,0
3817,6
3818,8
3819,3
3820,4
3821,3
3822,3
3823,3
3824,17
3825,19
3826,18
3827,8
3828,11
3829,8
3830,7
3831,9
3832,16
3833,6
3834,7
3835,6
3836,7
3837,14
3838,1
3839,19
3840,10
3841,4
3842,0
3843,8
3844,8
3845,11
3846,13
3847,12
3848,2
3849,5
3850,18
3851,0
3852,7
3853,10
3854,17
3855,12
3856,17
3857,14
3858,14
3859,19
3860,4
3861,4
3862,12
3863,6
3864,9
3865,1
3866,17
3867,19
3868,6
3869,19
3870,7
3871,13
3872,16
3873,3
3874,8
3875,6
3876,9
3877,6
3878,5
3879,11
3880,9
3881,18
3882,1
3883,9
3884,19
3885,6
3886,18
3887,11
3888,16
3889,5
3890,16
3891,8
3892,17
3893,19
3894,11
3895,2
3896,2
3897,19
3898,9
3899,18
3900,13
3901,2
3902,13
3903,9
3904,16
3905,14
3906,8
3907,14
3908,0
3909,17
3910,0
3911,19
3912,5
3913,7
3914,14
3915,17
3916,18
3917,11
3918,16
3919,15
3920,14
3921,12
3922,16
3923,4
3924,0
3925,9
3926,19
3927,6
3928,14
3929,19
3930,7
3931,8
3932,11
3933,19
3934,6
3935,8
3936,17
3937,3
3938,6
3939,5
3940,8
3941,5
3942,18
3943,6
3944,7
3945,9
3946,16
3947,6
3948,10
3949,7
3950,3
3951,8
3952,5
3953,18
3954,9
3955,17
3956,5
3957,4
3958,2
3959,15
3960,0
3961,15
3962,2
3963,16
3964,4
3965,3
3966,16
3967,11
3968,18
3969,7
3970,17
3971,10
3972,13
3973,3
3974,15
3975,4
3976,5
3977,3
3978,6
3979,2
3980,12
3981,10
3982,19
3983,18
3984,2
3985,3
3986,11
3987,8
3988,10
3989,11
3990,7
3991,19
3992,4
3993,18
3994,9
3995,0
3996,18
3997,17
3998,8
3999,12
4000,12
4001,16
4002,7
4003,17
4004,4
4005,7
4006,5
4007,17
4008,2
4009,3
4010,3
4011,16
4012,5
4013,4
4014,8
4015,17
4016,12
4017,12
4018,17
4019,5
4020,3
4021,13
4022,1
4023,16
4024,1
4025,18
4026,19
4027,5
4028,8
4029,4
4030,10
4031,4
4032,11
4033,7
4034,18
4035,0
4036,4
4037,4
4038,17
4039,4
4040,0
4041,12
4042,11
4043,0
4044,7
4045,0
4046,8
4047,2
4048,17
4049,16
4050,14
4051,0
4052,13
4053,18
4054,0
4055,13
4056,18
4057,3
4058,2
4059,17
4060,16
4061,13
4062,10
4063,9
4064,5
4065,4
4066,7
4067,5
4068,3
4069,15
4070,9
4071,7
4072,7
4073,13
4074,17
4075,0
4076,8
4077,13
4078,17
4079,9
4080,6
4081,11
4082,19
4083,0
4084,14
4085,17
4086,2
4087,14
4088,10
4089,0
4090,10
4091,17
4092,15
4093,15
4094,18
4095,11
4096,5
4097,19
4098,6
4099,14
4100,3
4101,14
4102,11
4103,16
4104,17
4105,12
4106,16
4107,19
4108,2
4109,0
4110,19
4111,0
4112,9
4113,19
4114,14
4115,14
4116,7
4117,17
4118,9
4119,14
4120,0
4121,5
4122,15
4123,1
4124,15
4125,2
4126,17
4127,18
4128,1
4129,19
4130,15
4131,15
4132,19
4133,6
4134,3
4135,19
4136,19
4137,10
4138,18
4139,7
4140,1
4141,16
4142,16
4143,5
4144,4
4145,2
4146,1
4147,6
4148,15
4149,0
4150,1
4151,0
4152,16
4153,14
4154,10
4155,16
4156,3
4157,5
4158,4
4159,16
4160,18
4161,15
4162,1
4163,9
4164,6
4165,11
4166,12
4167,6
4168,2
4169,10
4170,5
4171,5
4172,2
4173,1
4174,11
4175,6
4176,19
4177,3
4178,18
4179,16
4180,4
4181,9
4182,16
4183,15
4184,9
4185,17
4186,0
4187,8
4188,2
4189,7
4190,3
4191,8
4192,0
4193,19
4194,5
4195,0
4196,11
4197,12
4198,15
4199,10
4200,16
4201,8
4202,14
4203,11
4204,12
4205,0
4206,19
4207,3
4208,11
4209,12
4210,1
4211,18
4212,15
4213,11
4214,5
4215,14
4216,17
4217,19
4218,18
4219,3
4220,17
4221,9
4222,19
4223,1
4224,19
4225,17
4226,18
4227,7
4228,11
4229,7
4230,14
4231,18
4232,0
4233,13
4234,8
4235,19
4236,16
4237,18
4238,4
4239,17
4240,17
4241,19
4242,18
4243,14
4244,19
4245,5
4246,5
4247,7
4248,16
4249,10
4250,3
4251,19
4252,4
4253,5
4254,15
4255,18
4256,2
4257,13
4258,10
4259,4
4260,8
4261,17
4262,9
4263,17
4264,15
4265,18
4266,6
4267,15
4268,17
4269,16
4270,2
4271,3
4272,18
4273,0
4274,9
4275,12
4276,3
4277,16
4278,14
4279,11
4280,12
4281,14
4282,17
4283,16
4284,9
4285,10
4286,0
4287,18
4288,11
4289,7
4290,2
4291,15
4292,10
4293,9
4294,17
4295,17
4296,17
4297,11
4298,1
4299,0
4300,11
4301,5
4302,5
4303,6
4304,11
4305,10
4306,12
4307,0
4308,11
4309,17
4310,17
4311,19
4312,12
4313,6
4314,18
4315,5
4316,4
4317,4
4318,3
4319,14
4320,10
4321,5
4322,7
4323,2
4324,12
4325,6
4326,4
4327,1
4328,14
4329,5
4330,12
4331,9
4332,10
4333,17
4334,13
4335,15
4336,5
4337,6
4338,7
4339,1
4340,19
4341,11
4342,2
4343,0
4344,9
4345,8
4346,7
4347,3
4348,14
4349,8
4350,13
4351,14
4352,16
4353,10
4354,7
4355,16
4356,1
4357,6
4358,19
4359,10
4360,15
4361,5
4362,9
4363,5
4364,18
4365,0
4366,14
4367,15
4368,17
4369,10
4370,19
4371,5
4372,7
4373,17
4374,8
4375,19
4376,13
4377,8
4378,5
4379,8
4380,14
4381,19
4382,11
4383,11
4384,0
4385,10
4386,14
4387,15
4388,10
4389,0
4390,9
4391,19
4392,17
4393,17
4394,10
4395,13
4396,4
4397,9
4398,8
4399,13
4400,18
4401,7
4402,15
4403,11
4404,16
4405,0
4406,14
4407,17
4408,11
4409,2
4410,10
4411,1
4412,8
4413,17
4414,6
4415,14
4416,13
4417,19
4418,3
4419,4
4420,0
4421,11
4422,10
4423,16
4424,4
4425,6
4426,5
4427,11
4428,10
4429,2
4430,11
4431,3
4432,9
4433,8
4434,1
4435,18
4436,3
4437,14
4438,0
4439,6
4440,11
4441,4
4442,7
4443,12
4444,7
4445,5
4446,7
4447,16
4448,4
4449,17
4450,10
4451,11
4452,7
4453,7
4454,12
4455,17
4456,2
4457,3
4458,3
4459,10
4460,6
4461,14
4462,6
4463,2
4464,0
4465,3
4466,9
4467,7
4468,19
4469,2
4470,4
4471,5
4472,17
4473,4
4474,5
4475,6
4476,9
4477,15
4478,2
4479,0
4480,19
4481,5
4482,2
4483,9
4484,2
4485,0
4486,1
4487,0
4488,13
4489,8
4490,18
4491,14
4492,10
4493,7
4494,11
4495,10
4496,10
4497,11
4498,18
4499,7
4500,2
4501,0
4502,11
4503,3
4504,19
4505,3
4506,12
4507,15
4508,16
4509,4
4510,19
4511,16
4512,11
4513,10
4514,12
4515,4
4516,10
4517,5
4518,16
4519,0
4520,18
4521,11
4522,10
4523,0
4524,8
4525,19
4526,10
4527,17
4528,3
4529,5
4530,9
4531,1
4532,16
4533,15
4534,13
4535,8
4536,4
4537,11
4538,19
4539,12
4540,9
4541,13
4542,19
4543,11
4544,10
4545,9
4546,16
4547,15
4548,3
4549,19
4550,12
4551,7
4552,18
4553,11
4554,13
4555,7
4556,8
4557,4
4558,7
4559,5
4560,15
4561,13
4562,13
4563,0
4564,12
4565,17
4566,1
4567,6
4568,1
4569,5
4570,15
4571,1
4572,12
4573,1
4574,12
4575,17
4576,15
4577,4
4578,2
4579,7
4580,9
4581,9
4582,11
4583,14
4584,3
4585,1
4586,10
4587,13
4588,5
4589,4
4590,8
4591,9
4592,7
4593,9
4594,9
4595,8
4596,9
4597,15
4598,8
4599,17
4600,10
4601,3
4602,7
4603,2
4604,19
4605,6
4606,14
4607,4
4608,15
4609,12
4610,8
4611,7
4612,7
4613,16
4614,15
4615,6
4616,1
4617,15
4618,3
4619,5
4620,5
4621,17
4622,19
4623,1
4624,15
4625,5
4626,1
4627,5
4628,18
4629,19
4630,15
4631,5
4632,14
4633,13
4634,4
4635,0
4636,12
4637,13
4638,18
4639,9
4640,7
4641,6
4642,4
4643,2
4644,2
4645,1
4646,0
4647,9
4648,17
4649,12
4650,17
4651,19
4652,4
4653,14
4654,2
4655,10
4656,0
4657,17
4658,7
4659,16
4660,18
4661,11
4662,5
4663,8
4664,13
4665,18
4666,14
4667,11
4668,17
4669,7
4670,8
4671,2
4672,5
4673,13
4674,16
4675,0
4676,4
4677,17
4678,6
4679,10
4680,8
4681,19
4682,0
4683,13
4684,5
4685,17
4686,8
4687,8
4688,14
4689,9
4690,5
4691,4
4692,9
4693,3
4694,2
4695,8
4696,16
4697,1
4698,1
4699,8
4700,18
4701,10
4702,3
4703,10
4704,4
4705,4
4706,8
4707,16
4708,10
4709,19
4710,19
4711,8
4712,18
4713,0
4714,15
4715,4
4716,1
4717,9
4718,8
4719,19
4720,1
4721,16
4722,11
4723,13
4724,19
4725,10
4726,16
4727,11
4728,2
4729,10
4730,7
4731,8
4732,4
4733,3
4734,7
4735,1
4736,14
4737,6
4738,18
4739,2
4740,12
4741,10
4742,14
4743,14
4744,16
4745,0
4746,12
4747,19
4748,6
4749,1
4750,7
4751,10
4752,10
4753,12
4754,18
4755,11
4756,13
4757,3
4758,7
4759,6
4760,18
4761,2
4762,9
4763,7
4764,15
4765,18
4766,1
4767,8
4768,9
4769,0
4770,0
4771,16
4772,15
4773,8
4774,1
4775,6
4776,6
4777,4
4778,14
4779,5
4780,16
4781,18
4782,0
4783,0
4784,9
4785,4
4786,5
4787,13
4788,4
4789,15
4790,3
4791,1
4792,4
4793,1
4794,12
4795,11
4796,10
4797,6
4798,1
4799,12
4800,8
4801,11
4802,11
4803,4
4804,12
4805,1
4806,2
4807,19
4808,9
4809,8
4810,10
4811,12
4812,0
4813,14
4814,4
4815,16
4816,9
4817,4
4818,17
4819,0
4820,9
4821,14
4822,5
4823,1
4824,5
4825,10
4826,10
4827,18
4828,14
4829,10
4830,6
4831,17
4832,1
4833,4
4834,1
4835,7
4836,16
4837,12
4838,1
4839,13
4840,6
4841,9
4842,8
4843,5
4844,15
4845,14
4846,6
4847,14
4848,6
4849,9
4850,4
4851,3
4852,18
4853,18
4854,15
4855,18
4856,7
4857,18
4858,16
4859,12
4860,9
4861,2
4862,16
4863,4
4864,15
4865,1
4866,4
4867,6
4868,16
4869,16
4870,1
4871,1
4872,2
4873,11
4874,7
4875,6
4876,14
4877,4
4878,0
4879,5
4880,16
4881,14
4882,14
4883,18
4884,17
4885,19
4886,4
4887,0
4888,6
4889,1
4890,6
4891,19
4892,2
4893,8
4894,6
4895,16
4896,7
4897,5
4898,16
4899,13
4900,3
4901,3
4902,7
4903,17
4904,5
4905,15
4906,16
4907,16
4908,19
4909,16
4910,4
4911,18
4912,13
4913,2
4914,13
4915,4
4916,11
4917,18
4918,10
4919,15
4920,6
4921,19
4922,14
4923,0
4924,0
4925,2
4926,8
4927,13
4928,7
4929,19
4930,12
4931,18
4932,1
4933,14
4934,17
4935,17
4936,14
4937,17
4938,3
4939,4
4940,10
4941,19
4942,3
4943,10
4944,5
4945,0
4946,9
4947,7
4948,11
4949,15
4950,10
4951,18
4952,8
4953,1
4954,10
4955,15
4956,0
4957,16
4958,11
4959,1
4960,15
4961,18
4962,19
4963,3
4964,12
4965,7
4966,9
4967,9
4968,8
4969,13
4970,2
4971,3
4972,9
4973,12
4974,2
4975,3
4976,1
4977,10
4978,9
4979,11
4980,10
4981,18
4982,5
4983,4
4984,18
4985,11
4986,1
4987,2
4988,1
4989,10
4990,3
4991,17
4992,15
4993,5
4994,11
4995,8
4996,3
4997,4
4998,12
4999,0
5000,12
5001,11
5002,18
5003,12
5004,2
5005,8
5006,10
5007,14
5008,3
5009,0
5010,18
5011,2
5012,4
5013,6
5014,9
5015,15
5016,4
5017,7
5018,5
5019,8
5020,15
5021,6
5022,8
5023,18
5024,17
5025,11
5026,2
5027,5
5028,6
5029,4
5030,12
5031,13
5032,18
5033,0
5034,14
5035,10
5036,12
5037,4
5038,8
5039,18
5040,2
5041,0
5042,1
5043,4
5044,7
5045,1
5046,8
5047,17
5048,11
5049,0
5050,10
5051,8
5052,14
5053,2
5054,6
5055,15
5056,2
5057,5
5058,10
5059,19
5060,14
5061,9
5062,18
5063,11
5064,13
5065,16
5066,18
5067,18
5068,9
5069,13
5070,17
5071,2
5072,19
5073,1
5074,8
5075,15
5076,12
5077,6
5078,10
5079,0
5080,19
5081,7
5082,9
5083,18
5084,11
5085,7
5086,18
5087,3
5088,13
5089,19
5090,5
5091,1
5092,18
5093,16
5094,10
5095,8
5096,7
5097,0
5098,7
5099,18
5100,19
5101,15
5102,7
5103,10
5104,15
5105,6
5106,4
5107,13
5108,2
5109,2
5110,10
5111,2
5112,10
5113,11
5114,19
5115,11
5116,2
5117,14
5118,3
5119,0
5120,10
5121,3
5122,13
5123,9
5124,13
5125,5
5126,6
5127,12
5128,18
5129,8
5130,4
5131,8
5132,1
5133,4
5134,15
5135,9
5136,2
5137,14
5138,8
5139,18
5140,11
5141,7
5142,7
5143,16
5144,15
5145,1
5146,4
5147,9
5148,10
5149,11
5150,19
5151,14
5152,18
5153,5
5154,8
5155,16
5156,15
5157,8
5158,16
5159,13
5160,8
5161,1
5162,1
5163,16
5164,14
5165,0
5166,18
5167,10
5168,19
5169,19
5170,0
5171,13
5172,0
5173,0
5174,3
5175,18
5176,0
5177,18
5178,1
5179,8
5180,7
5181,4
5182,11
5183,7
5184,2
5185,6
5186,14
5187,16
5188,10
5189,16
5190,9
5191,15
5192,14
5193,15
5194,19
5195,16
5196,3
5197,4
5198,7
5199,5
5200,16
5201,10
5202,14
5203,6
5204,15
5205,14
5206,7
5207,9
5208,4
5209,3
5210,18
5211,0
5212,17
5213,2
5214,6
5215,17
5216,11
5217,0
5218,11
5219,0
5220,14
5221,13
5222,17
5223,1
5224,0
5225,12
5226,8
5227,8
5228,1
5229,13
5230,13
5231,15
5232,2
5233,5
5234,2
5235,0
5236,4
5237,19
5238,0
5239,11
5240,6
5241,17
5242,18
5243,7
5244,0
5245,7
5246,5
5247,18
5248,9
5249,10
5250,12
5251,8
5252,11
5253,19
5254,9
5255,17
5256,13
5257,6
5258,4
5259,17
5260,6
5261,15
5262,16
5263,13
5264,18
5265,17
5266,2
5267,10
5268,9
5269,13
5270,19
5271,5
5272,5
5273,5
5274,0
5275,15
5276,0
5277,10
5278,11
5279,14
5280,5
5281,2
5282,4
5283,5
5284,9
5285,19
5286,5
5287,13
5288,4
5289,14
5290,0
5291,0
5292,3
5293,9
5294,2
5295,1
5296,16
5297,3
5298,9
5299,14
5300,1
5301,5
5302,10
5303,7
5304,15
5305,14
5306,18
5307,9
5308,0
5309,15
5310,17
5311,9
5312,8
5313,18
5314,5
5315,17
5316,12
5317,16
5318,18
5319,11
5320,12
5321,13
5322,16
5323,16
5324,18
5325,3
5326,10
5327,15
5328,15
5329,13
5330,11
5331,17
5332,13
5333,1
5334,6
5335,1
5336,3
5337,18
5338,13
5339,3
5340,11
5341,11
5342,19
5343,7
5344,5
5345,3
5346,15
5347,18
5348,1
5349,1
5350,14
5351,1
5352,16
5353,8
5354,16
5355,1
5356,0
5357,10
5358,14
5359,17
5360,19
5361,9
5362,2
5363,4
5364,6
5365,15
5366,7
5367,1
5368,7
5369,1
5370,10
5371,16
5372,4
5373,10
5374,12
5375,15
5376,4
5377,13
5378,19
5379,1
5380,5
5381,18
5382,11
5383,9
5384,15
5385,17
5386,18
5387,15
5388,11
5389,18
5390,3
5391,1
5392,7
5393,0
5394,17
5395,11
5396,11
5397,1
5398,18
5399,12
5400,1
5401,16
5402,6
5403,2
5404,10
5405,6
5406,9
5407,6
5408,17
5409,8
5410,9
5411,2
5412,2
5413,2
5414,19
5415,7
5416,5
5417,2
5418,4
5419,9
5420,13
5421,17
5422,6
5423,9
5424,0
5425,2
5426,1
5427,5
5428,16
5429,1
5430,1
5431,13
5432,4
5433,11
5434,16
5435,2
5436,18
5437,2
5438,4
5439,9
5440,1
5441,6
5442,11
5443,2
5444,19
5445,13
5446,8
5447,0
5448,8
5449,19
5450,7
5451,1
5452,7
5453,18
5454,1
5455,18
5456,13
5457,5
5458,10
5459,17
5460,9
5461,11
5462,9
5463,3
5464,15
5465,7
5466,17
5467,16
5468,14
5469,12
5470,16
5471,16
5472,7
5473,17
5474,10
5475,13
5476,13
5477,0
5478,18
5479,3
5480,2
5481,5
5482,6
5483,3
5484,0
5485,3
5486,16
5487,3
5488,2
5489,6
5490,12
5491,2
5492,4
5493,9
5494,14
5495,8
5496,17
5497,1
5498,9
5499,7
5500,1
5501,19
5502,3
5503,1
5504,14
5505,11
5506,14
5507,18
5508,11
5509,2
5510,1
5511,18
5512,12
5513,17
5514,3
5515,13
5516,1
5517,17
5518,1
5519,18
5520,17
5521,17
5522,15
5523,2
5524,19
5525,3
5526,11
5527,6
5528,2
5529,9
5530,18
5531,13
5532,8
5533,6
5534,9
5535,9
5536,8
5537,8
5538,16
5539,0
5540,13
5541,1
5542,15
5543,0
5544,11
5545,11
5546,2
5547,4
5548,0
5549,16
5550,2
5551,3
5552,17
5553,7
5554,14
5555,17
5556,2
5557,4
5558,3
5559,10
5560,17
5561,6
5562,2
5563,16
5564,11
5565,18
5566,10
5567,11
5568,8
5569,11
5570,11
5571,6
5572,5
5573,1
5574,14
5575,1
5576,4
5577,6
5578,10
5579,14
5580,17
5581,6
5582,2
5583,1
5584,6
5585,3
5586,7
5587,0
5588,16
5589,13
5590,14
5591,13
5592,11
5593,11
5594,11
5595,18
5596,2
5597,14
5598,1
5599,7
5600,9
5601,17
5602,5
5603,16
5604,8
5605,14
5606,17
5607,4
5608,2
5609,7
5610,16
5611,0
5612,16
5613,5
5614,3
5615,13
5616,12
5617,16
5618,18
5619,6
5620,2
5621,9
5622,18
5623,0
5624,3
5625,17
5626,15
5627,0
5628,15
5629,14
5630,17
5631,12
5632,3
5633,10
5634,14
5635,16
5636,8
5637,1
5638,14
5639,2
5640,6
5641,19
5642,14
5643,13
5644,1
5645,12
5646,10
5647,2
5648,4
5649,11
5650,12
5651,16
5652,6
5653,14
5654,18
5655,10
5656,15
5657,17
5658,10
5659,17
5660,14
5661,18
5662,17
5663,19
5664,4
5665,19
5666,6
5667,9
5668,9
5669,16
5670,16
5671,3
5672,19
5673,11
5674,3
5675,3
5676,19
5677,6
5678,7
5679,13
5680,0
5681,12
5682,12
5683,4
5684,4
5685,19
5686,9
5687,3
5688,12
5689,9
5690,3
5691,11
5692,8
5693,11
5694,14
5695,8
5696,17
5697,15
5698,18
5699,7
5700,7
5701,14
5702,10
5703,9
5704,5
5705,3
5706,0
5707,19
5708,5
5709,0
5710,19
5711,5
5712,15
5713,8
5714,10
5715,5
5716,6
5717,8
5718,2
5719,7
5720,7
5721,0
5722,12
5723,3
5724,19
5725,14
5726,19
5727,1
5728,16
5729,10
5730,15
5731,6
5732,17
5733,12
5734,9
5735,6
5736,16
5737,3
5738,12
5739,2
5740,13
5741,19
5742,1
5743,6
5744,14
5745,7
5746,3
5747,5
5748,5
5749,15
5750,11
5751,9
5752,18
5753,16
5754,12
5755,9
5756,3
5757,17
5758,13
5759,9
5760,19
5761,3
5762,16
5763,11
5764,15
5765,5
5766,3
5767,8
5768,1
5769,2
5770,17
5771,14
5772,18
5773,19
5774,12
5775,9
5776,5
5777,15
5778,2
5779,10
5780,9
5781,15
5782,16
5783,11
5784,2
5785,9
5786,16
5787,2
5788,8
5789,0
5790,6
5791,16
5792,1
5793,9
5794,18
5795,15
5796,10
5797,17
5798,14
5799,18
5800,5
5801,13
5802,6
5803,16
5804,0
5805,5
5806,15
5807,2
5808,8
5809,11
5810,11
5811,9
5812,10
5813,13
5814,5
5815,7
5816,12
5817,16
5818,14
5819,17
5820,17
5821,15
5822,14
5823,3
5824,10
5825,11
5826,13
5827,12
5828,1
5829,13
5830,12
5831,5
5832,13
5833,5
5834,6
5835,0
5836,3
5837,17
5838,13
5839,10
5840,11
5841,19
5842,1
5843,5
5844,5
5845,19
5846,17
5847,8
5848,15
5849,13
5850,0
5851,18
5852,5
5853,3
5854,17
5855,9
5856,0
5857,1
5858,16
5859,9
5860,14
5861,3
5862,1
5863,18
5864,9
5865,3
5866,7
5867,12
5868,15
5869,10
5870,8
5871,2
5872,14
5873,6
5874,4
5875,14
5876,6
5877,1
5878,4
5879,7
5880,6
5881,4
5882,16
5883,17
5884,9
5885,1
5886,1
5887,10
5888,17
5889,9
5890,6
5891,5
5892,5
5893,0
5894,3
5895,13
5896,4
5897,0
5898,15
5899,3
5900,11
5901,12
5902,18
5903,5
5904,14
5905,9
5906,12
5907,10
5908,1
5909,18
5910,15
5911,5
5912,6
5913,14
5914,4
5915,8
5916,19
5917,4
5918,6
5919,8
5920,11
5921,8
5922,16
5923,17
5924,9
5925,18
5926,12
5927,8
5928,11
5929,16
5930,5
5931,5
5932,9
5933,7
5934,4
5935,3
5936,2
5937,1
5938,16
5939,8
5940,2
5941,1
5942,19
5943,17
5944,12
5945,17
5946,3
5947,12
5948,3
5949,14
5950,18
5951,11
5952,0
5953,7
5954,8
5955,14
5956,14
5957,3
5958,15
5959,16
5960,5
5961,2
5962,5
5963,18
5964,0
5965,14
5966,19
5967,14
5968,19
5969,1
5970,10
5971,7
5972,11
5973,2
5974,8
5975,11
5976,10
5977,9
5978,9
5979,1
5980,14
5981,10
5982,16
5983,3
5984,19
5985,19
5986,0
5987,17
5988,18
5989,13
5990,0
5991,8
5992,4
5993,9
5994,18
5995,6
5996,16
5997,0
5998,8
5999,14
6000,5
6001,8
6002,18
6003,4
6004,17
6005,0
6006,14
6007,12
6008,17
6009,13
6010,14
6011,8
6012,3
6013,7
6014,10
6015,8
6016,7
6017,19
6018,3
6019,6
6020,17
6021,15
6022,3
6023,13
6024,18
6025,10
6026,14
6027,10
6028,5
6029,0
6030,3
6031,18
6032,6
6033,4
6034,6
6035,9
6036,19
6037,1
6038,5
6039,13
6040,1
6041,19
6042,18
6043,0
6044,0
6045,3
6046,8
6047,10
6048,14
6049,17
6050,11
6051,10
6052,13
6053,12
6054,2
6055,18
6056,4
6057,7
6058,3
6059,8
6060,8
6061,12
6062,17
6063,15
6064,1
6065,7
6066,4
6067,15
6068,3
6069,11
6070,16
6071,12
6072,17
6073,14
6074,7
6075,9
6076,12
6077,14
6078,16
6079,5
6080,10
6081,0
6082,11
6083,18
6084,15
6085,1
6086,3
6087,6
6088,12
6089,8
6090,7
6091,6
6092,2
6093,18
6094,6
6095,19
6096,15
6097,13
6098,9
6099,1
6100,12
6101,5
6102,0
6103,13
6104,11
6105,17
6106,1
6107,13
6108,1
6109,17
6110,11
6111,4
6112,17
6113,11
6114,8
6115,1
6116,14
6117,19
6118,4
6119,13
6120,13
6121,1
6122,7
6123,1
6124,0
6125,14
6126,9
6127,1
6128,16
6129,5
6130,9
6131,2
6132,1
6133,8
6134,12
6135,6
6136,2
6137,2
6138,17
6139,18
6140,0
6141,9
6142,13
6143,14
6144,18
6145,17
6146,3
6147,15
6148,3
6149,19
6150,2
6151,10
6152,2
6153,2
6154,17
6155,8
6156,4
6157,11
6158,1
6159,15
6160,14
6161,7
6162,8
6163,11
6164,18
6165,16
6166,18
6167,9
6168,2
6169,8
6170,14
6171,7
6172,6
6173,8
6174,5
6175,2
6176,7
6177,18
6178,2
6179,2
6180,13
6181,2
6182,10
6183,9
6184,11
6185,8
6186,14
6187,9
6188,0
6189,5
6190,4
6191,16
6192,18
6193,17
6194,3
6195,1
6196,14
6197,9
6198,13
6199,7
6200,6
6201,14
6202,11
6203,19
6204,16
6205,2
6206,10
6207,7
6208,10
6209,3
6210,1
6211,12
6212,1
6213,16
6214,4
6215,1
6216,19
6217,0
6218,13
6219,6
6220,17
6221,14
6222,15
6223,0
6224,7
6225,11
6226,7
6227,14
6228,18
6229,2
6230,14
6231,14
6232,17
6233,14
6234,8
6235,18
6236,8
6237,6
6238,14
6239,1
6240,5
6241,12
6242,15
6243,5
6244,4
6245,8
6246,10
6247,15
6248,2
6249,4
6250,8
6251,16
6252,14
6253,11
6254,0
6255,18
6256,5
6257,3
6258,6
6259,14
6260,15
6261,12
6262,8
6263,2
6264,13
6265,14
6266,18
6267,16
6268,6
6269,11
6270,4
6271,10
6272,5
6273,9
6274,7
6275,14
6276,6
6277,15
6278,3
6279,16
6280,14
6281,3
6282,19
6283,0
6284,9
6285,16
6286,6
6287,2
6288,3
6289,13
6290,1
6291,1
6292,17
6293,14
6294,16
6295,18
6296,17
6297,6
6298,9
6299,9
6300,18
6301,8
6302,2
6303,9
6304,15
6305,18
6306,13
6307,17
6308,2
6309,3
6310,13
6311,9
6312,1
6313,16
6314,2
6315,11
6316,4
6317,5
6318,12
6319,9
6320,8
6321,13
6322,11
6323,6
6324,18
6325,9
6326,6
6327,15
6328,13
6329,5
6330,4
6331,3
6332,16
6333,13
6334,19
6335,3
6336,9
6337,15
6338,11
6339,10
6340,4
6341,3
6342,8
6343,17
6344,4
6345,12
6346,9
6347,13
6348,16
6349,6
6350,1
6351,1
6352,19
6353,6
6354,6
6355,2
6356,18
6357,18
6358,19
6359,17
6360,15
6361,15
6362,12
6363,8
6364,9
6365,17
6366,7
6367,3
6368,13
6369,15
6370,18
6371,5
6372,3
6373,15
6374,4
6375,0
6376,5
6377,7
6378,5
6379,18
6380,14
6381,13
6382,5
6383,7
6384,14
6385,10
6386,10
6387,17
6388,12
6389,8
6390,1
6391,14
6392,6
6393,17
6394,9
6395,7
6396,4
6397,13
6398,14
6399,8
6400,10
6401,1
6402,12
6403,5
6404,13
6405,11
6406,15
6407,3
6408,18
6409,18
6410,10
6411,0
6412,17
6413,0
6414,7
6415,1
6416,1
6417,11
6418,9
6419,15
6420,13
6421,6
6422,17
6423,15
6424,18
6425,4
6426,18
6427,15
6428,13
6429,19
6430,19
6431,6
6432,1
6433,9
6434,11
6435,0
6436,12
6437,0
6438,11
6439,2
6440,12
6441,6
6442,16
6443,3
6444,11
6445,2
6446,13
6447,11
6448,15
6449,7
6450,18
6451,17
6452,16
6453,6
6454,11
6455,6
6456,14
6457,2
6458,4
6459,14
6460,17
6461,7
6462,14
6463,11
6464,12
6465,2
6466,11
6467,9
6468,4
6469,10
6470,12
6471,13
6472,12
6473,3
6474,17
6475,15
6476,4
6477,1
6478,10
6479,10
6480,8
6481,2
6482,18
6483,19
6484,19
6485,5
6486,4
6487,3
6488,3
6489,5
6490,12
6491,19
6492,4
6493,5
6494,16
6495,19
6496,18
6497,4
6498,19
6499,16
6500,18
6501,15
6502,15
6503,3
6504,7
6505,17
6506,4
6507,18
6508,1
6509,9
6510,9
6511,8
6512,2
6513,0
6514,6
6515,4
6516,19
6517,8
6518,15
6519,8
6520,2
6521,0
6522,14
6523,13
6524,13
6525,3
6526,15
6527,3
6528,17
6529,13
6530,13
6531,16
6532,7
6533,10
6534,6
6535,4
6536,9
6537,16
6538,0
6539,11
6540,8
6541,12
6542,11
6543,13
6544,2
6545,14
6546,9
6547,10
6548,6
6549,9
6550,17
6551,11
6552,11
6553,0
6554,18
6555,19
6556,1
6557,8
6558,4
6559,1
6560,16
6561,15
6562,2
6563,16
6564,17
6565,3
6566,17
6567,14
6568,18
6569,3
6570,10
6571,0
6572,12
6573,2
6574,0
6575,8
6576,2
6577,13
6578,9
6579,7
6580,15
6581,6
6582,13
6583,7
6584,4
6585,8
6586,11
6587,16
6588,17
6589,9
6590,0
6591,2
6592,7
6593,2
6594,6
6595,11
6596,15
6597,8
6598,18
6599,11
6600,5
6601,13
6602,18
6603,6
6604,0
6605,17
6606,14
6607,4
6608,12
6609,3
6610,19
6611,3
6612,18
6613,14
6614,17
6615,16
6616,16
6617,16
6618,18
6619,8
6620,13
6621,1
6622,2
6623,19
6624,15
6625,8
6626,6
6627,9
6628,2
6629,8
6630,12
6631,19
6632,1
6633,15
6634,0
6635,19
6636,4
6637,1
6638,4
6639,17
6640,11
6641,7
6642,16
6643,3
6644,18
6645,13
6646,5
6647,11
6648,12
6649,5
6650,14
6651,3
6652,6
6653,10
6654,14
6655,4
6656,6
6657,10
6658,18
6659,19
6660,9
6661,1
6662,10
6663,7
6664,3
6665,13
6666,19
6667,1
6668,17
6669,3
6670,1
6671,15
6672,14
6673,8
6674,9
6675,15
6676,9
6677,0
6678,14
6679,18
6680,2
6681,6
6682,18
6683,14
6684,1
6685,18
6686,15
6687,2
6688,5
6689,9
6690,15
6691,15
6692,16
6693,15
6694,2
6695,9
6696,19
6697,1
6698,6
6699,13
6700,10
6701,13
6702,16
6703,0
6704,19
6705,6
6706,15
6707,16
6708,17
6709,1
6710,13
6711,3
6712,1
6713,12
6714,10
6715,10
6716,8
6717,18
6718,8
6719,9
6720,19
6721,9
6722,9
6723,5
6724,1
6725,18
6726,9
6727,7
6728,3
6729,16
6730,9
6731,11
6732,8
6733,16
6734,8
6735,9
6736,10
6737,8
6738,11
6739,16
6740,1
6741,11
6742,10
6743,13
6744,16
6745,18
6746,12
6747,10
6748,6
6749,12
6750,18
6751,7
6752,14
6753,8
6754,6
6755,2
6756,16
6757,16
6758,13
6759,10
6760,0
6761,12
6762,7
6763,19
6764,18
6765,4
6766,11
6767,16
6768,16
6769,15
6770,3
6771,2
6772,0
6773,14
6774,11
6775,18
6776,15
6777,17
6778,13
6779,1
6780,6
6781,9
6782,7
6783,17
6784,16
6785,17
6786,16
6787,6
6788,15
6789,6
6790,19
6791,12
6792,15
6793,0
6794,13
6795,1
6796,8
6797,13
6798,10
6799,12
6800,3
6801,15
6802,9
6803,10
6804,17
6805,5
6806,13
6807,13
6808,2
6809,3
6810,13
6811,4
6812,15
6813,13
6814,1
6815,14
6816,13
6817,9
6818,11
6819,18
6820,19
6821,13
6822,16
6823,4
6824,7
6825,6
6826,13
6827,18
6828,7
6829,10
6830,0
6831,19
6832,17
6833,17
6834,7
6835,3
6836,15
6837,14
6838,4
6839,14
6840,3
6841,7
6842,19
6843,14
6844,8
6845,0
6846,9
6847,0
6848,13
6849,9
6850,9
6851,8
6852,2
6853,15
6854,6
6855,19
6856,15
6857,9
6858,1
6859,5
6860,6
6861,0
6862,17
6863,18
6864,13
6865,0
6866,14
6867,4
6868,5
6869,16
6870,6
6871,7
6872,2
6873,19
6874,12
6875,11
6876,14
6877,11
6878,18
6879,2
6880,11
6881,10
6882,9
6883,13
6884,10
6885,15
6886,12
6887,10
6888,7
6889,16
6890,16
6891,6
6892,14
6893,7
6894,3
6895,4
6896,10
6897,8
6898,14
6899,15
6900,17
6901,0
6902,18
6903,0
6904,10
6905,16
6906,19
6907,3
6908,17
6909,19
6910,14
6911,8
6912,9
6913,0
6914,0
6915,1
6916,14
6917,12
6918,16
6919,6
6920,19
6921,19
6922,7
6923,0
6924,12
6925,10
6926,11
6927,13
6928,11
6929,4
6930,13
6931,16
6932,6
6933,12
6934,8
6935,7
6936,19
6937,11
6938,3
6939,7
6940,19
6941,18
6942,0
6943,3
6944,6
6945,13
6946,3
6947,2
6948,13
6949,15
6950,15
6951,15
6952,9
6953,1
6954,10
6955,7
6956,7
6957,2
6958,17
6959,8
6960,1
6961,13
6962,19
6963,4
6964,6
6965,9
6966,10
6967,11
6968,0
6969,3
6970,11
6971,11
6972,13
6973,4
6974,2
6975,11
6976,10
6977,12
6978,15
6979,8
6980,0
6981,19
6982,13
6983,8
6984,9
6985,9
6986,9
6987,15
6988,10
6989,7
6990,15
6991,18
6992,5
6993,17
6994,16
6995,0
6996,16
6997,15
6998,6
6999,2
7000,10
7001,1
7002,17
7003,5
7004,3
7005,0
7006,11
7007,19
7008,10
7009,14
7010,14
7011,8
7012,19
7013,5
7014,18
7015,0
7016,15
7017,12
7018,8
7019,13
7020,10
7021,16
7022,7
7023,2
7024,19
7025,12
7026,8
7027,15
7028,15
7029,2
7030,12
7031,11
7032,6
7033,9
7034,9
7035,19
7036,19
7037,0
7038,5
7039,9
7040,3
7041,4
7042,0
7043,1
7044,19
7045,3
7046,5
7047,12
7048,6
7049,3
7050,0
7051,10
7052,4
7053,16
7054,4
7055,1
7056,4
7057,0
7058,14
7059,5
7060,9
7061,12
7062,2
7063,2
7064,19
7065,12
7066,9
7067,5
7068,15
7069,15
7070,9
7071,18
7072,14
7073,9
7074,19
7075,13
7076,10
7077,10
7078,3
7079,1
7080,16
7081,12
7082,15
7083,19
7084,17
7085,19
7086,19
7087,14
7088,9
7089,11
7090,0
7091,7
7092,10
7093,1
7094,19
7095,10
7096,9
7097,3
7098,2
7099,14
7100,11
7101,0
7102,5
7103,14
7104,4
7105,2
7106,6
7107,12
7108,6
7109,3
7110,2
7111,2
7112,19
7113,15
7114,9
7115,5
7116,18
7117,7
7118,15
7119,18
7120,10
7121,8
7122,11
7123,1
7124,15
7125,8
7126,18
7127,9
7128,18
7129,17
7130,10
7131,8
7132,8
7133,7
7134,12
7135,4
7136,0
7137,0
7138,4
7139,12
7140,7
7141,14
7142,13
7143,2
7144,2
7145,11
7146,11
7147,13
7148,17
7149,17
7150,17
7151,14
7152,8
7153,15
7154,5
7155,15
7156,6
7157,16
7158,7
7159,4
7160,10
7161,2
7162,1
7163,6
7164,14
7165,3
7166,14
7167,10
7168,13
7169,2
7170,17
7171,4
7172,9
7173,12
7174,14
7175,11
7176,9
7177,19
7178,18
7179,3
7180,13
7181,19
7182,11
7183,18
7184,2
7185,16
7186,10
7187,6
7188,11
7189,14
7190,18
7191,0
7192,10
7193,3
7194,19
7195,9
7196,3
7197,12
7198,11
7199,15
7200,12
7201,5
7202,8
7203,18
7204,14
7205,12
7206,12
7207,0
7208,3
7209,14
7210,6
7211,8
7212,19
7213,9
7214,18
7215,3
7216,7
7217,17
7218,2
7219,5
7220,7
7221,17
7222,16
7223,15
7224,3
7225,14
7226,10
7227,12
7228,12
7229,2
7230,15
7231,4
7232,15
7233,2
7234,4
7235,4
7236,5
7237,2
7238,0
7239,17
7240,8
7241,5
7242,3
7243,9
7244,17
7245,16
7246,16
7247,5
7248,8
7249,13
7250,8
7251,5
7252,14
7253,6
7254,13
7255,17
7256,11
7257,18
7258,16
7259,15
7260,14
7261,6
7262,13
7263,3
7264,9
7265,9
7266,10
7267,9
7268,18
7269,9
7270,13
7271,7
7272,1
7273,4
7274,19
7275,2
7276,5
7277,13
7278,15
7279,19
7280,5
7281,8
7282,14
7283,19
7284,7
7285,16
7286,5
7287,10
7288,18
7289,12
7290,10
7291,9
7292,9
7293,14
7294,0
7295,10
7296,11
7297,1
7298,13
7299,19
7300,2
7301,6
7302,18
7303,1
7304,4
7305,10
7306,15
7307,19
7308,14
7309,6
7310,15
7311,3
7312,16
7313,16
7314,0
7315,5
7316,7
7317,1
7318,8
7319,17
7320,11
7321,16
7322,2
7323,4
7324,11
7325,10
7326,12
7327,8
7328,5
7329,10
7330,12
7331,2
7332,14
7333,3
7334,9
7335,14
7336,3
7337,9
7338,18
7339,19
7340,1
7341,7
7342,5
7343,17
7344,12
7345,15
7346,0
7347,16
7348,6
7349,4
7350,10
7351,7
7352,3
7353,10
7354,13
7355,15
7356,0
7357,16
7358,15
7359,11
7360,7
7361,5
7362,3
7363,4
7364,0
7365,18
7366,6
7367,14
7368,10
7369,8
7370,2
7371,2
7372,19
7373,13
7374,19
7375,17
7376,17
7377,8
7378,8
7379,3
7380,6
7381,12
7382,5
7383,3
7384,5
7385,5
7386,5
7387,1
7388,15
7389,4
7390,8
7391,6
7392,7
7393,8
7394,12
7395,15
7396,5
7397,4
7398,4
7399,0
7400,5
7401,8
7402,3
7403,14
7404,13
7405,12
7406,2
7407,1
7408,0
7409,13
7410,13
7411,4
7412,13
7413,4
7414,1
7415,19
7416,3
7417,5
7418,13
7419,18
7420,1
7421,3
7422,15
7423,6
7424,17
7425,15
7426,19
7427,15
7428,17
7429,12
7430,14
7431,17
7432,17
7433,13
7434,5
7435,1
7436,18
7437,4
7438,9
7439,14
7440,14
7441,10
7442,19
7443,2
7444,14
7445,2
7446,18
7447,17
7448,4
7449,2
7450,12
7451,1
7452,19
7453,0
7454,12
7455,4
7456,6
7457,7
7458,1
7459,5
7460,19
7461,12
7462,0
7463,19
7464,12
7465,0
7466,18
7467,15
7468,17
7469,14
7470,1
7471,18
7472,9
7473,16
7474,1
7475,0
7476,14
7477,10
7478,2
7479,0
7480,6
7481,10
7482,4
7483,9
7484,8
7485,4
7486,7
7487,9
7488,15
7489,3
7490,6
7491,15
7492,19
7493,7
7494,9
7495,16
7496,18
7497,0
7498,15
7499,8
7500,7
7501,17
7502,10
7503,19
7504,2
7505,18
7506,14
7507,11
7508,19
7509,17
7510,16
7511,7
7512,5
7513,15
7514,0
7515,1
7516,3
7517,19
7518,8
7519,17
7520,11
7521,10
7522,17
7523,8
7524,6
7525,13
7526,11
7527,14
7528,0
7529,9
7530,17
7531,1
7532,13
7533,8
7534,11
7535,16
7536,1
7537,9
7538,11
7539,3
7540,2
7541,3
7542,9
7543,3
7544,4
7545,11
7546,18
7547,5
7548,7
7549,1
7550,15
7551,6
7552,11
7553,10
7554,12
7555,2
7556,12
7557,5
7558,13
7559,15
7560,7
7561,3
7562,11
7563,17
7564,16
7565,3
7566,9
7567,18
7568,15
7569,18
7570,1
7571,16
7572,13
7573,19
7574,10
7575,12
7576,2
7577,5
7578,10
7579,18
7580,13
7581,5
7582,3
7583,10
7584,4
7585,10
7586,16
7587,6
7588,7
7589,11
7590,5
7591,9
7592,6
7593,15
7594,18
7595,4
7596,10
7597,7
7598,9
7599,11
7600,16
7601,9
7602,3
7603,0
7604,0
7605,9
7606,11
7607,12
7608,6
7609,3
7610,7
7611,17
7612,3
7613,1
7614,19
7615,15
7616,18
7617,17
7618,8
7619,19
7620,13
7621,18
7622,2
7623,18
7624,5
7625,4
7626,2
7627,4
7628,8
7629,19
7630,11
7631,17
7632,9
7633,8
7634,15
7635,14
7636,14
7637,17
7638,0
7639,8
7640,15
7641,2
7642,10
7643,9
7644,17
7645,18
7646,7
7647,10
7648,11
7649,13
7650,5
7651,5
7652,4
7653,4
7654,1
7655,10
7656,5
7657,5
7658,1
7659,16
7660,19
7661,13
7662,14
7663,0
7664,16
7665,4
7666,7
7667,7
7668,8
7669,0
7670,8
7671,12
7672,13
7673,12
7674,4
7675,1
7676,19
7677,2
7678,15
7679,11
7680,4
7681,11
7682,9
7683,15
7684,5
7685,19
7686,8
7687,16
7688,10
7689,13
7690,11
7691,1
7692,16
7693,15
7694,6
7695,9
7696,14
7697,7
7698,2
7699,15
7700,12
7701,3
7702,14
7703,7
7704,5
7705,1
7706,7
7707,3
7708,2
7709,17
7710,17
7711,19
7712,8
7713,6
7714,16
7715,16
7716,14
7717,12
7718,5
7719,3
7720,13
7721,18
7722,18
7723,9
7724,16
7725,7
7726,9
7727,6
7728,12
7729,0
7730,6
7731,14
7732,3
7733,15
7734,1
7735,19
7736,18
7737,5
7738,15
7739,2
7740,17
7741,14
7742,19
7743,13
7744,12
7745,18
7746,3
7747,0
7748,6
7749,5
7750,17
7751,7
7752,4
7753,11
7754,1
7755,19
7756,12
7757,19
7758,14
7759,16
7760,10
7761,0
7762,2
7763,15
7764,15
7765,7
7766,6
7767,5
7768,10
7769,17
7770,13
7771,4
7772,16
7773,0
7774,14
7775,14
7776,0
7777,1
7778,4
7779,15
7780,2
7781,13
7782,1
7783,19
7784,15
7785,10
7786,5
7787,12
7788,15
7789,17
7790,9
7791,1
7792,16
7793,2
7794,5
7795,12
7796,16
7797,5
7798,18
7799,14
7800,19
7801,6
7802,3
7803,13
7804,8
7805,11
7806,9
7807,7
7808,10
7809,19
7810,4
7811,3
7812,5
7813,0
7814,19
7815,2
7816,12
7817,6
7818,9
7819,17
7820,1
7821,4
7822,13
7823,12
7824,12
7825,8
7826,19
7827,0
7828,16
7829,16
7830,0
7831,5
7832,14
7833,11
7834,4
7835,7
7836,13
7837,3
7838,0
7839,8
7840,2
7841,12
7842,19
7843,11
7844,5
7845,12
7846,11
7847,9
7848,14
7849,3
7850,19
7851,6
7852,6
7853,2
7854,3
7855,19
7856,6
7857,11
7858,17
7859,12
7860,15
7861,1
7862,10
7863,6
7864,13
7865,18
7866,8
7867,11
7868,17
7869,8
7870,1
7871,2
7872,15
7873,13
7874,16
7875,19
7876,2
7877,5
7878,4
7879,19
7880,12
7881,5
7882,7
7883,11
7884,14
7885,10
7886,7
7887,3
7888,3
7889,0
7890,8
7891,6
7892,5
7893,2
7894,14
7895,8
7896,10
7897,18
7898,7
7899,13
7900,4
7901,8
7902,2
7903,0
7904,19
7905,10
7906,13
7907,12
7908,17
7909,8
7910,10
7911,6
7912,6
7913,19
7914,4
7915,18
7916,6
7917,2
7918,9
7919,7
7920,1
7921,12
7922,6
7923,4
7924,1
7925,9
7926,17
7927,13
7928,15
7929,19
7930,17
7931,9
7932,7
7933,13
7934,1
7935,5
7936,12
7937,9
7938,18
7939,12
7940,17
7941,13
7942,1
7943,3
7944,10
7945,7
7946,5
7947,2
7948,11
7949,10
7950,17
7951,0
7952,11
7953,3
7954,13
7955,8
7956,8
7957,14
7958,6
7959,19
7960,4
7961,8
7962,4
7963,5
7964,3
7965,14
7966,1
7967,16
7968,2
7969,2
7970,7
7971,11
7972,1
7973,11
7974,4
7975,3
7976,17
7977,4
7978,2
7979,5
7980,2
7981,4
7982,14
7983,11
7984,2
7985,17
7986,16
7987,6
7988,11
7989,7
7990,5
7991,17
7992,6
7993,15
7994,4
7995,3
7996,18
7997,19
7998,15
7999,18
8000,1
8001,16
8002,13
8003,19
8004,5
8005,8
8006,10
8007,15
8008,15
8009,3
8010,15
8011,10
8012,6
8013,14
8014,19
8015,4
8016,19
8017,16
8018,8
8019,6
8020,1
8021,2
8022,1
8023,8
8024,1
8025,10
8026,12
8027,4
8028,6
8029,2
8030,3
8031,16
8032,16
8033,19
8034,17
8035,12
8036,19
8037,4
8038,7
8039,10
8040,16
8041,11
8042,9
8043,17
8044,19
8045,15
8046,11
8047,9
8048,0
8049,9
8050,3
8051,10
8052,5
8053,19
8054,9
8055,15
8056,2
8057,12
8058,4
8059,19
8060,5
8061,14
8062,1
8063,3
8064,17
8065,0
8066,12
8067,9
8068,2
8069,14
8070,13
8071,19
8072,2
8073,8
8074,12
8075,15
8076,16
8077,1
8078,12
8079,14
8080,17
8081,14
8082,12
8083,4
8084,8
8085,9
8086,16
8087,13
8088,17
8089,2
8090,19
8091,18
8092,2
8093,9
8094,18
8095,10
8096,8
8097,19
8098,0
8099,11
8100,10
8101,15
8102,8
8103,12
8104,15
8105,13
8106,12
8107,0
8108,6
8109,19
8110,17
8111,5
8112,7
8113,15
8114,3
8115,15
8116,6
8117,6
8118,0
8119,10
8120,5
8121,2
8122,19
8123,0
8124,15
8125,8
8126,10
8127,0
8128,15
8129,2
8130,4
8131,9
8132,14
8133,12
8134,11
8135,1
8136,17
8137,14
8138,15
8139,5
8140,0
8141,15
8142,12
8143,8
8144,16
8145,3
8146,6
8147,17
8148,4
8149,17
8150,0
8151,6
8152,0
8153,14
8154,6
8155,2
8156,5
8157,8
8158,15
8159,18
8160,0
8161,3
8162,11
8163,15
8164,10
8165,18
8166,7
8167,19
8168,7
8169,17
8170,1
8171,14
8172,9
8173,1
8174,4
8175,18
8176,8
8177,17
8178,12
8179,19
8180,2
8181,6
8182,4
8183,1
8184,9
8185,7
8186,6
8187,4
8188,17
8189,4
8190,12
8191,11
8192,16
8193,17
8194,4
8195,11
8196,4
8197,1
8198,17
8199,4
8200,12
8201,14
8202,14
8203,5
8204,6
8205,3
8206,19
8207,6
8208,18
8209,18
8210,19
8211,18
8212,2
8213,7
8214,5
8215,0
8216,16
8217,10
8218,1
8219,19
8220,4
8221,16
8222,11
8223,14
8224,16
8225,6
8226,18
8227,5
8228,11
8229,11
8230,6
8231,13
8232,16
8233,12
8234,11
8235,9
8236,8
8237,12
8238,12
8239,17
8240,7
8241,13
8242,13
8243,2
8244,16
8245,2
8246,17
8247,13
8248,18
8249,19
8250,4
8251,17
8252,8
8253,0
8254,14
8255,7
8256,11
8257,4
8258,3
8259,14
8260,7
8261,4
8262,15
8263,18
8264,15
8265,2
8266,0
8267,10
8268,10
8269,8
8270,14
8271,18
8272,4
8273,9
8274,19
8275,15
8276,3
8277,6
8278,16
8279,5
8280,8
8281,6
8282,0
8283,3
8284,0
8285,12
8286,7
8287,16
8288,19
8289,7
8290,19
8291,0
8292,5
8293,8
8294,19
8295,11
8296,4
8297,9
8298,6
8299,4
8300,4
8301,7
8302,6
8303,5
8304,15
8305,17
8306,10
8307,17
8308,7
8309,16
8310,8
8311,7
8312,3
8313,10
8314,11
8315,9
8316,19
8317,5
8318,15
8319,2
8320,15
8321,18
8322,13
8323,7
8324,7
8325,11
8326,9
8327,13
8328,0
8329,5
8330,16
8331,19
8332,3
8333,4
8334,14
8335,15
8336,13
8337,9
8338,2
8339,4
8340,9
8341,2
8342,6
8343,14
8344,16
8345,18
8346,19
8347,4
8348,3
8349,17
8350,8
8351,9
8352,11
8353,3
8354,9
8355,4
8356,19
8357,1
8358,3
8359,7
8360,4
8361,0
8362,14
8363,8
8364,9
8365,14
8366,17
8367,18
8368,9
8369,13
8370,13
8371,18
8372,0
8373,6
8374,14
8375,19
8376,0
8377,8
8378,17
8379,1
8380,15
8381,1
8382,11
8383,15
8384,11
8385,6
8386,10
8387,5
8388,0
8389,11
8390,10
8391,14
8392,12
8393,0
8394,16
8395,1
8396,8
8397,15
8398,11
8399,19
8400,1
8401,5
8402,15
8403,12
8404,12
8405,16
8406,14
8407,5
8408,7
8409,14
8410,7
8411,14
8412,18
8413,18
8414,11
8415,6
8416,4
8417,8
8418,16
8419,16
8420,0
8421,17
8422,3
8423,1
8424,13
8425,9
8426,13
8427,10
8428,17
8429,16
8430,4
8431,10
8432,6
8433,4
8434,6
8435,13
8436,13
8437,16
8438,12
8439,5
8440,3
8441,14
8442,10
8443,0
8444,7
8445,18
8446,6
8447,17
8448,18
8449,5
8450,10
8451,9
8452,16
8453,17
8454,18
8455,0
8456,8
8457,8
8458,13
8459,0
8460,0
8461,16
8462,12
8463,17
8464,15
8465,7
8466,10
8467,13
8468,13
8469,4
8470,16
8471,13
8472,13
8473,19
8474,3
8475,9
8476,9
8477,2
8478,2
8479,16
8480,2
8481,10
8482,19
8483,15
8484,15
8485,13
8486,15
8487,17
8488,6
8489,18
8490,11
8491,4
8492,2
8493,12
8494,18
8495,0
8496,14
8497,8
8498,11
8499,8
8500,19
8501,11
8502,7
8503,17
8504,5
8505,16
8506,16
8507,12
8508,3
8509,17
8510,6
8511,5
8512,8
8513,8
8514,18
8515,11
8516,11
8517,16
8518,9
8519,3
8520,2
8521,1
8522,13
8523,1
8524,14
8525,12
8526,17
8527,0
8528,17
8529,13
8530,17
8531,19
8532,5
8533,14
8534,3
8535,3
8536,0
8537,12
8538,1
8539,16
8540,8
8541,1
8542,16
8543,8
8544,11
8545,19
8546,19
8547,7
8548,11
8549,16
8550,0
8551,15
8552,7
8553,17
8554,18
8555,1
8556,3
8557,13
8558,19
8559,16
8560,3
8561,4
8562,18
8563,15
8564,4
8565,3
8566,10
8567,12
8568,9
8569,3
8570,2
8571,2
8572,15
8573,10
8574,0
8575,18
8576,3
8577,3
8578,15
8579,1
8580,1
8581,17
8582,17
8583,16
8584,8
8585,1
8586,11
8587,10
8588,5
8589,10
8590,17
8591,6
8592,4
8593,3
8594,0
8595,17
8596,13
8597,18
8598,16
8599,12
8600,0
8601,12
8602,2
8603,12
8604,17
8605,17
8606,15
8607,14
8608,15
8609,7
8610,19
8611,5
8612,1
8613,15
8614,6
8615,3
8616,5
8617,19
8618,19
8619,12
8620,17
8621,14
8622,11
8623,17
8624,7
8625,11
8626,13
8627,18
8628,16
8629,18
8630,12
8631,17
8632,18
8633,12
8634,16
8635,11
8636,9
8637,10
8638,4
8639,13
8640,4
8641,12
8642,4
8643,12
8644,11
8645,5
8646,19
8647,10
8648,14
8649,15
8650,0
8651,12
8652,11
8653,15
8654,3
8655,13
8656,9
8657,9
8658,3
8659,15
8660,0
8661,7
8662,1
8663,15
8664,8
8665,14
8666,11
8667,15
8668,5
8669,12
8670,18
8671,19
8672,10
8673,9
8674,13
8675,17
8676,2
8677,2
8678,7
8679,14
8680,17
8681,15
8682,16
8683,16
8684,7
8685,4
8686,7
8687,15
8688,13
8689,18
8690,6
8691,7
8692,8
8693,12
8694,3
8695,14
8696,15
8697,16
8698,16
8699,19
8700,19
8701,10
8702,9
8703,1
8704,1
8705,1
8706,0
8707,15
8708,15
8709,7
8710,4
8711,9
8712,14
8713,7
8714,10
8715,16
8716,16
8717,1
8718,18
8719,0
8720,19
8721,7
8722,18
8723,0
8724,0
8725,18
8726,8
8727,17
8728,0
8729,12
8730,12
8731,14
8732,18
8733,8
8734,11
8735,0
8736,0
8737,1
8738,17
8739,2
8740,17
8741,18
8742,11
8743,15
8744,11
8745,11
8746,17
8747,19
8748,17
8749,12
8750,1
8751,18
8752,3
8753,11
8754,9
8755,2
8756,18
8757,10
8758,1
8759,14
8760,17
8761,12
8762,7
8763,12
8764,14
8765,19
8766,16
8767,11
8768,18
8769,8
8770,5
8771,9
8772,15
8773,1
8774,14
8775,7
8776,17
8777,1
8778,7
8779,14
8780,9
8781,16
8782,5
8783,1
8784,2
8785,6
8786,10
8787,16
8788,7
8789,6
8790,4
8791,8
8792,13
8793,10
8794,3
8795,2
8796,13
8797,13
8798,5
8799,6
8800,3
8801,4
8802,3
8803,15
8804,4
8805,8
8806,0
8807,7
8808,5
8809,18
8810,4
8811,2
8812,19
8813,19
8814,8
8815,10
8816,13
8817,15
8818,13
8819,9
8820,18
8821,19
8822,0
8823,7
8824,19
8825,12
8826,0
8827,1
8828,5
8829,7
8830,18
8831,15
8832,4
8833,0
8834,0
8835,2
8836,11
8837,6
8838,2
8839,12
8840,12
8841,12
8842,0
8843,0
8844,2
8845,0
8846,8
8847,0
8848,9
8849,16
8850,12
8851,2
8852,6
8853,17
8854,8
8855,16
8856,17
8857,12
8858,5
8859,17
8860,15
8861,16
8862,9
8863,2
8864,7
8865,4
8866,5
8867,10
8868,18
8869,13
8870,5
8871,16
8872,5
8873,8
8874,5
8875,11
8876,15
8877,8
8878,2
8879,15
8880,2
8881,2
8882,4
8883,19
8884,9
8885,13
8886,2
8887,6
8888,16
8889,1
8890,12
8891,12
8892,3
8893,12
8894,4
8895,13
8896,10
8897,17
8898,8
8899,15
8900,12
8901,15
8902,10
8903,4
8904,3
8905,16
8906,18
8907,13
8908,10
8909,18
8910,11
8911,11
8912,0
8913,4
8914,16
8915,10
8916,6
8917,7
8918,10
8919,3
8920,14
8921,5
8922,11
8923,10
8924,0
8925,3
8926,8
8927,2
8928,9
8929,0
8930,16
8931,14
8932,12
8933,3
8934,13
8935,15
8936,6
8937,15
8938,1
8939,9
8940,14
8941,9
8942,5
8943,17
8944,5
8945,8
8946,5
8947,15
8948,11
8949,12
8950,14
8951,16
8952,4
8953,0
8954,16
8955,9
8956,11
8957,14
8958,0
8959,15
8960,10
8961,12
8962,2
8963,8
8964,6
8965,10
8966,3
8967,2
8968,7
8969,14
8970,3
8971,5
8972,0
8973,11
8974,9
8975,4
8976,18
8977,4
8978,9
8979,8
8980,10
8981,7
8982,7
8983,10
8984,2
8985,4
8986,19
8987,14
8988,8
8989,1
8990,18
8991,17
8992,1
8993,3
8994,17
8995,18
8996,12
8997,5
8998,4
8999,11
9000,11
9001,17
9002,1
9003,4
9004,4
9005,8
9006,16
9007,8
9008,16
9009,18
9010,14
9011,9
9012,0
9013,13
9014,0
9015,7
9016,7
9017,4
9018,6
9019,14
9020,12
9021,16
9022,10
9023,14
9024,10
9025,18
9026,10
9027,17
9028,8
9029,10
9030,3
9031,3
9032,7
9033,16
9034,7
9035,15
9036,14
9037,3
9038,1
9039,16
9040,9
9041,5
9042,12
9043,0
9044,3
9045,19
9046,11
9047,5
9048,10
9049,19
9050,5
9051,5
9052,18
9053,0
9054,18
9055,16
9056,3
9057,12
9058,4
9059,1
9060,14
9061,0
9062,15
9063,18
9064,18
9065,4
9066,10
9067,14
9068,3
9069,6
9070,15
9071,5
9072,9
9073,4
9074,14
9075,2
9076,18
9077,4
9078,6
9079,11
9080,19
9081,14
9082,14
9083,14
9084,6
9085,0
9086,17
9087,15
9088,19
9089,1
9090,5
9091,9
9092,4
9093,13
9094,0
9095,2
9096,16
9097,7
9098,12
9099,6
9100,16
9101,13
9102,18
9103,19
9104,15
9105,16
9106,16
9107,16
9108,15
9109,9
9110,3
9111,15
9112,4
9113,4
9114,16
9115,4
9116,18
9117,0
9118,16
9119,14
9120,4
9121,17
9122,17
9123,11
9124,1
9125,3
9126,4
9127,8
9128,18
9129,4
9130,13
9131,6
9132,3
9133,1
9134,19
9135,16
9136,6
9137,0
9138,2
9139,16
9140,17
9141,1
9142,8
9143,6
9144,11
9145,18
9146,6
9147,4
9148,12
9149,5
9150,6
9151,19
9152,15
9153,2
9154,0
9155,6
9156,12
9157,5
9158,16
9159,4
9160,17
9161,4
9162,15
9163,4
9164,0
9165,3
9166,7
9167,18
9168,19
9169,0
9170,6
9171,6
9172,5
9173,1
9174,8
9175,8
9176,3
9177,8
9178,6
9179,14
9180,16
9181,3
9182,14
9183,5
9184,15
9185,12
9186,19
9187,16
9188,11
9189,1
9190,7
9191,1
9192,5
9193,8
9194,5
9195,10
9196,8
9197,3
9198,17
9199,12
9200,17
9201,6
9202,3
9203,9
9204,18
9205,5
9206,18
9207,3
9208,0
9209,0
9210,7
9211,14
9212,18
9213,5
9214,5
9215,13
9216,19
9217,18
9218,11
9219,2
9220,12
9221,11
9222,9
9223,11
9224,4
9225,11
9226,14
9227,4
9228,4
9229,3
9230,16
9231,17
9232,8
9233,12
9234,19
9235,2
9236,6
9237,18
9238,2
9239,6
9240,17
9241,0
9242,0
9243,0
9244,19
9245,9
9246,14
9247,17
9248,0
9249,6
9250,18
9251,13
9252,12
9253,10
9254,1
9255,17
9256,19
9257,15
9258,10
9259,16
9260,15
9261,17
9262,17
9263,0
9264,1
9265,0
9266,11
9267,6
9268,0
9269,19
9270,10
9271,12
9272,2
9273,7
9274,8
9275,17
9276,2
9277,9
9278,12
9279,12
9280,13
9281,4
9282,5
9283,12
9284,19
9285,17
9286,14
9287,12
9288,4
9289,12
9290,5
9291,6
9292,18
9293,17
9294,3
9295,14
9296,9
9297,16
9298,1
9299,15
9300,7
9301,19
9302,11
9303,15
9304,18
9305,14
9306,7
9307,15
9308,3
9309,6
9310,2
9311,7
9312,16
9313,13
9314,16
9315,13
9316,5
9317,6
9318,8
9319,3
9320,13
9321,0
9322,5
9323,8
9324,0
9325,10
9326,8
9327,1
9328,7
9329,2
9330,3
9331,16
9332,14
9333,1
9334,13
9335,2
9336,2
9337,16
9338,14
9339,17
9340,19
9341,14
9342,3
9343,4
9344,9
9345,8
9346,16
9347,16
9348,19
9349,0
9350,15
9351,19
9352,16
9353,8
9354,14
9355,3
9356,10
9357,13
9358,16
9359,14
9360,10
9361,15
9362,13
9363,15
9364,1
9365,9
9366,11
9367,14
9368,6
9369,18
9370,9
9371,14
9372,17
9373,13
9374,14
9375,11
9376,19
9377,2
9378,4
9379,11
9380,4
9381,9
9382,3
9383,10
9384,13
9385,6
9386,16
9387,10
9388,13
9389,16
9390,4
9391,13
9392,2
9393,3
9394,5
9395,0
9396,19
9397,17
9398,9
9399,4
9400,17
9401,19
9402,16
9403,4
9404,0
9405,14
9406,0
9407,12
9408,14
9409,7
9410,6
9411,16
9412,14
9413,13
9414,1
9415,9
9416,17
9417,14
9418,5
9419,12
9420,12
9421,2
9422,8
9423,12
9424,8
9425,10
9426,0
9427,6
9428,17
9429,10
9430,2
9431,5
9432,9
9433,18
9434,7
9435,12
9436,18
9437,10
9438,13
9439,2
9440,6
9441,4
9442,2
9443,0
9444,7
9445,13
9446,19
9447,19
9448,6
9449,18
9450,10
9451,1
9452,16
9453,17
9454,14
9455,7
9456,16
9457,18
9458,1
9459,17
9460,3
9461,10
9462,18
9463,3
9464,5
9465,3
9466,2
9467,7
9468,5
9469,19
9470,3
9471,14
9472,3
9473,17
9474,8
9475,0
9476,6
9477,11
9478,13
9479,10
9480,3
9481,7
9482,6
9483,14
9484,18
9485,7
9486,13
9487,19
9488,18
9489,6
9490,5
9491,15
9492,15
9493,9
9494,15
9495,11
9496,19
9497,1
9498,1
9499,12
9500,0
9501,19
9502,0
9503,19
9504,16
9505,2
9506,10
9507,6
9508,2
9509,10
9510,12
9511,7
9512,4
9513,0
9514,16
9515,8
9516,14
9517,8
9518,5
9519,6
9520,12
9521,11
9522,8
9523,2
9524,5
9525,15
9526,12
9527,1
9528,5
9529,16
9530,16
9531,6
9532,10
9533,17
9534,0
9535,17
9536,15
9537,16
9538,13
9539,18
9540,2
9541,8
9542,1
9543,0
9544,3
9545,9
9546,17
9547,12
9548,5
9549,5
9550,10
9551,19
9552,8
9553,7
9554,9
9555,12
9556,9
9557,19
9558,6
9559,8
9560,8
9561,7
9562,10
9563,3
9564,11
9565,2
9566,2
9567,4
9568,12
9569,17
9570,15
9571,5
9572,1
9573,12
9574,18
9575,4
9576,10
9577,5
9578,3
9579,15
9580,13
9581,8
9582,6
9583,15
9584,15
9585,19
9586,12
9587,0
9588,4
9589,2
9590,3
9591,18
9592,3
9593,19
9594,13
9595,19
9596,5
9597,17
9598,11
9599,4
9600,9
9601,4
9602,12
9603,18
9604,16
9605,4
9606,16
9607,5
9608,4
9609,5
9610,3
9611,14
9612,17
9613,15
9614,14
9615,18
9616,2
9617,15
9618,8
9619,7
9620,14
9621,12
9622,16
9623,12
9624,17
9625,19
9626,9
9627,2
9628,0
9629,13
9630,19
9631,16
9632,10
9633,2
9634,16
9635,1
9636,8
9637,9
9638,13
9639,16
9640,5
9641,15
9642,16
9643,11
9644,7
9645,6
9646,12
9647,11
9648,18
9649,14
9650,3
9651,1
9652,4
9653,1
9654,2
9655,10
9656,14
9657,7
9658,17
9659,13
9660,11
9661,13
9662,15
9663,8
9664,9
9665,3
9666,17
9667,15
9668,9
9669,5
9670,7
9671,17
9672,6
9673,4
9674,6
9675,1
9676,3
9677,0
9678,15
9679,6
9680,10
9681,2
9682,15
9683,2
9684,8
9685,5
9686,15
9687,14
9688,0
9689,1
9690,10
9691,5
9692,2
9693,16
9694,8
9695,6
9696,11
9697,1
9698,8
9699,19
9700,9
9701,9
9702,6
9703,4
9704,3
9705,7
9706,5
9707,8
9708,18
9709,11
9710,8
9711,16
9712,3
9713,8
9714,17
9715,1
9716,12
9717,12
9718,14
9719,10
9720,5
9721,3
9722,13
9723,0
9724,19
9725,11
9726,4
9727,11
9728,18
9729,17
9730,13
9731,4
9732,6
9733,8
9734,12
9735,4
9736,10
9737,17
9738,17
9739,2
9740,9
9741,13
9742,4
9743,15
9744,13
9745,4
9746,7
9747,17
9748,15
9749,12
9750,10
9751,6
9752,15
9753,8
9754,2
9755,11
9756,2
9757,13
9758,14
9759,4
9760,3
9761,5
9762,17
9763,11
9764,19
9765,11
9766,7
9767,11
9768,14
9769,5
9770,16
9771,15
9772,13
9773,14
9774,13
9775,3
9776,7
9777,7
9778,2
9779,3
9780,15
9781,6
9782,2
9783,0
9784,14
9785,15
9786,14
9787,9
9788,2
9789,14
9790,8
9791,19
9792,11
9793,14
9794,2
9795,11
9796,19
9797,13
9798,3
9799,2
9800,19
9801,11
9802,1
9803,13
9804,1
9805,3
9806,7
9807,2
9808,14
9809,0
9810,2
9811,5
9812,1
9813,8
9814,7
9815,7
9816,11
9817,7
9818,14
9819,6
9820,3
9821,4
9822,3
9823,7
9824,1
9825,17
9826,4
9827,19
9828,3
9829,10
9830,16
9831,14
9832,16
9833,7
9834,9
9835,19
9836,14
9837,6
9838,6
9839,16
9840,5
9841,1
9842,0
9843,2
9844,8
9845,18
9846,13
9847,6
9848,2
9849,10
9850,12
9851,11
9852,16
9853,16
9854,17
9855,14
9856,0
9857,4
9858,2
9859,8
9860,6
9861,5
9862,16
9863,6
9864,19
9865,1
9866,15
9867,10
9868,5
9869,0
9870,3
9871,10
9872,6
9873,19
9874,18
9875,8
9876,14
9877,17
9878,14
9879,14
9880,3
9881,1
9882,16
9883,6
9884,7
9885,16
9886,14
9887,14
9888,7
9889,0
9890,11
9891,8
9892,10
9893,11
9894,15
9895,1
9896,16
9897,14
9898,19
9899,0
9900,8
9901,8
9902,7
9903,11
9904,16
9905,3
9906,9
9907,6
9908,5
9909,8
9910,15
9911,15
9912,2
9913,7
9914,13
9915,15
9916,7
9917,13
9918,18
9919,10
9920,17
9921,15
9922,6
9923,10
9924,9
9925,18
9926,7
9927,3
9928,5
9929,17
9930,18
9931,17
9932,0
9933,3
9934,2
9935,11
9936,3
9937,5
9938,1
9939,7
9940,4
9941,13
9942,9
9943,0
9944,17
9945,5
9946,4
9947,5
9948,5
9949,13
9950,8
9951,16
9952,9
9953,8
9954,8
9955,9
9956,1
9957,18
9958,10
9959,6
9960,7
9961,0
9962,0
9963,10
9964,13
9965,19
9966,7
9967,2
9968,19
9969,13
9970,5
9971,1
9972,15
9973,15
9974,5
9975,14
9976,14
9977,11
9978,5
9979,9
9980,18
9981,10
9982,13
9983,12
9984,14
9985,1
9986,8
9987,3
9988,4
9989,19
9990,9
9991,12
9992,3
9993,13
9994,4
9995,15
9996,13
9997,19
9998,2
9999,19
